Title,Hammer_Price,Low_Estimate_price,High_Estimate_price,Signature,Size,created_date,Medium,Auction_Lot,Auction_House,Auction_Date,sold_status,height,width
Bord de la Seine à Lavacourt,22500,3060000,4050000,Signed Lower Right,54.00 x 65.00,1878,Oil / Canvas,37,Seoul Auction,"03/29/2019
                ",sold,65.0,54.0
VUE D'ARGENTEUIL,1657920,696360,928480,Signed Lower Right,42.00 x 83.00,1872,Oil / Canvas,408,Sotheby's Paris,"03/29/2019
                ",sold,83.0,42.0
ÉTUDE DE NYMPHÉAS ,59190,58030,81240,Signed,26.70 x 50.00,nogiven,Oil / Canvas,4,Marc Arthur Kohn,"03/20/2019
                ",sold,50.0,26.7
Nymphéas ,131250,131250,196880,Unavailable,23.30 x 23.20,nogiven,Oil / Canvas,436,"Christie's London, King Street","02/28/2019
                ",sold,23.2,23.3
Saule pleureur et bassin aux nymphéas ,0,0,0,Stamped,199.00 x 180.00,1916-1919,Oil / Canvas,11,"Christie's London, King Street","02/27/2019
                ",not sold,180.0,199.0
Iris,0,5250000,7875000,Stamped,99.50 x 87.50,1924-1925,Oil / Canvas,13,"Christie's London, King Street","02/27/2019
                ",not sold,87.5,99.5
Au bord du fjord de Christiania,6974300,5906250,8531250,Signed and Dated,64.80 x 91.40,1895,Oil / Canvas,44,"Christie's London, King Street","02/27/2019
                ",sold,91.4,64.8
ZOUAVE,52500,26250,39380,Stamped,30.90 x 22.80,nogiven,Pencil / Paper,167,"Sotheby's London, New Bond Street","02/27/2019
                ",sold,22.8,30.9
GAMIN DES RUES,45940,26250,39380,Unavailable,30.90 x 22.80,1857,Pencil / Paper,168,"Sotheby's London, New Bond Street","02/27/2019
                ",sold,22.8,30.9
LE PALAIS DUCAL,36138380,26250000,39375000,Signed and Dated,81.00 x 93.00,1908,Oil / Canvas,6,"Sotheby's London, New Bond Street","02/26/2019
                ",sold,93.0,81.0
Coucher de soleil sur la mer,1297550,92850,116060,Signed Lower Right,25.00 x 25.00,nogiven,Pastel / Paper,74,Millon & Associes,"11/26/2018
                ",sold,25.0,25.0
LA MAISON À TRAVERS LES ROSES,1035000,800000,1200000,Stamped,62.23 x 81.61,1925-26,Oil / Canvas,425,Sotheby's New York,"11/13/2018
                ",sold,81.61,62.23
PORTRAIT D'ANDRÉ LAUVRAY,507000,300000,500000,Signed and Dated,46.36 x 38.10,1880,Oil / Canvas,428,Sotheby's New York,"11/13/2018
                ",sold,38.1,46.36
CHARING CROSS BRIDGE,2235000,2000000,3000000,Unavailable,65.10 x 80.01,1899-1901,Oil / Canvas,37,Sotheby's New York,"11/12/2018
                ",sold,80.01,65.1
LA FALAISE D'AMONT,3615000,3500000,4500000,Signed Lower Right,60.96 x 73.36,1885,Oil / Canvas,41,Sotheby's New York,"11/12/2018
                ",sold,73.36,60.96
PRUNES ET ABRICOTS,0,1500000,2000000,Signed Lower Left,18.11 x 38.43,1882-85,Oil / Canvas,42,Sotheby's New York,"11/12/2018
                ",not sold,38.43,18.11
"BOUQUET DE GLAÏEULS, LIS ET MARGUERITES",9556800,7000000,10000000,Signed and Dated,82.55 x 62.23,1878,Oil / Canvas,44,Sotheby's New York,"11/12/2018
                ",sold,62.23,82.55
Nymphéas ,200000,150000,250000,Unavailable,21.92 x 17.78,nogiven,Oil / Canvas,255,"Christie's New York, Rockefeller Center","11/12/2018
                ",sold,17.78,21.92
Azalées rouges en pot,828500,700000,1000000,Unavailable,120.02 x 37.16,1883,Oil / Canvas,272,"Christie's New York, Rockefeller Center","11/12/2018
                ",sold,37.16,120.02
Jeune fille dans le jardin de Giverny,16062500,15000000,25000000,Signed and Dated,73.36 x 92.41,1888,Oil / Canvas,16A,"Christie's New York, Rockefeller Center","11/11/2018
                ",sold,92.41,73.36
L’Escalier à Vétheuil,0,12000000,18000000,Signed and Dated,81.28 x 64.77,1881,Oil / Canvas,19A,"Christie's New York, Rockefeller Center","11/11/2018
                ",not sold,64.77,81.28
Le bassin aux nymphéas,31812500,30000000,50000000,Stamped,100.97 x 200.66,1917-1919,Oil / Canvas,32A,"Christie's New York, Rockefeller Center","11/11/2018
                ",sold,200.66,100.97
Effet de neige à Giverny,15500000,5000000,8000000,Signed and Dated,65.41 x 92.71,1893,Oil / Canvas,37A,"Christie's New York, Rockefeller Center","11/11/2018
                ",sold,92.71,65.41
Vue du village de Giverny,3972500,3500000,5500000,Signed and Dated,66.04 x 81.61,1886,Oil / Canvas,38A,"Christie's New York, Rockefeller Center","11/11/2018
                ",sold,81.61,66.04
L'église à Vétheuil,3132500,1500000,2500000,Stamped,59.69 x 73.36,1881,Oil / Canvas,47A,"Christie's New York, Rockefeller Center","11/11/2018
                ",sold,73.36,59.69
CÔTE PRÈS DE HONFLEUR,203110,139270,208910,Signed Lower Right,17.90 x 22.70,nogiven,Pastel / Paper,6,Sotheby's Paris,"10/18/2018
                ",sold,22.7,17.9
Coup de vent,6213050,6562500,9187500,Signed and Dated,81.40 x 65.50,1881,Oil / Canvas,18,"Christie's London, King Street","06/20/2018
                ",sold,65.5,81.4
"La Gare Saint-Lazare, vue extérieure",32791170,28875000,36750000,Signed and Dated,60.40 x 80.20,1877,Oil / Canvas,25,"Christie's London, King Street","06/20/2018
                ",sold,80.2,60.4
"Sandviken, Norvège",0,1050000,1575000,Unavailable,50.00 x 61.00,1895,Oil / Canvas,26,"Christie's London, King Street","06/20/2018
                ",not sold,61.0,50.0
"Le Dam à Zaandam, le soir",3476480,3281250,4593750,Signed Lower Left,44.50 x 72.00,1871,Oil / Canvas,28,"Christie's London, King Street","06/20/2018
                ",sold,72.0,44.5
LE PORT DE ZAANDAM,0,4593750,6562500,Signed Lower Left,47.50 x 74.00,1871,Oil / Canvas,8,"Sotheby's London, New Bond Street","06/19/2018
                ",not sold,74.0,47.5
CITRONS SUR UNE BRANCHE,0,3281250,4593750,Signed and Dated,65.50 x 54.30,1884,Oil / Canvas,11,"Sotheby's London, New Bond Street","06/19/2018
                ",not sold,54.3,65.5
LA MÉDITERRANÉE PAR VENT DE MISTRAL,9385430,8531250,11156250,Signed and Dated,65.00 x 92.30,1888,Oil / Canvas,15,"Sotheby's London, New Bond Street","06/19/2018
                ",sold,92.3,65.0
VUE D'ARGENTEUIL,0,1706250,2362500,Signed Lower Right,42.00 x 83.00,1872,Oil / Canvas,26,"Sotheby's London, New Bond Street","06/19/2018
                ",not sold,83.0,42.0
Les Nuages,348500,250000,450000,Signed Lower Left,24.13 x 38.74,1868-69,Pastel  on paper / Card,172,"Christie's New York, Rockefeller Center","05/16/2018
                ",sold,38.74,24.13
Mauves,1332500,600000,800000,Signed,114.00 x 38.10,1882-83,Oil / Canvas,360,"Christie's New York, Rockefeller Center","05/16/2018
                ",sold,38.1,114.0
Le Pommier,7062500,1500000,2500000,Signed and Dated,54.31 x 65.10,1879,Oil / Canvas,28A,"Christie's New York, Rockefeller Center","05/15/2018
                ",sold,65.1,54.31
MATINÉE SUR LA SEINE,20550000,18000000,25000000,Signed and Dated,89.23 x 92.41,1896,Oil / Canvas,15,Sotheby's New York,"05/14/2018
                ",sold,92.41,89.23
"SUR LA FALAISE, AU PETIT AILLY",0,2000000,3000000,Stamped,73.03 x 92.08,1896,Oil / Canvas,33,Sotheby's New York,"05/14/2018
                ",not sold,92.08,73.03
INONDATION À GIVERNY,2655000,2000000,3000000,Stamped,65.10 x 81.28,1886,Oil / Canvas,42,Sotheby's New York,"05/14/2018
                ",sold,81.28,65.1
Nymphéas en fleur ,84687500,0,0,Stamped,160.02 x 180.04,1914-17,Oil / Canvas,10,"Christie's New York, Rockefeller Center","05/08/2018
                ",sold,180.04,160.02
La Seine à Lavacourt,15837500,8000000,12000000,Signed Lower Right,65.10 x 81.61,1879,Oil / Canvas,11,"Christie's New York, Rockefeller Center","05/08/2018
                ",sold,81.61,65.1
Bord de mer à Sainte-Adresse,2652500,2000000,3000000,Signed Lower Right,43.51 x 65.41,1868,Oil / Canvas,12,"Christie's New York, Rockefeller Center","05/08/2018
                ",sold,65.41,43.51
"Extérieur de la gare Saint-Lazare, effet de soleil ",32937500,0,0,Signed and Dated,61.29 x 80.65,1878,Oil / Canvas,26,"Christie's New York, Rockefeller Center","05/08/2018
                ",sold,80.65,61.29
Camille assise sur la plage à Trouville ,12125000,0,0,Signed Lower Right,46.05 x 38.10,1870-71,Oil / Canvas,30,"Christie's New York, Rockefeller Center","05/08/2018
                ",sold,38.1,46.05
Nymphéas ,537940,174090,290150,Unavailable,22.10 x 58.00,nogiven,Oil / Canvas,225,Christie's Paris,"03/23/2018
                ",sold,58.0,22.1
"Maison au toit de chaume, Gainneville.",30000,25000,35000,Signed and Dated,23.19 x 28.91,1857,Pencil / Paper,62,Swann Galleries,"03/13/2018
                ",sold,28.91,23.19
LA PORTE DU JARDIN À VÉTHEUIL,4050900,2625000,3937500,Signed Lower Right,60.00 x 73.00,1881,Oil / Canvas,17,"Sotheby's London, New Bond Street","02/28/2018
                ",sold,73.0,60.0
Coucher de soleil,2058980,262500,393750,Signed Lower Right,21.80 x 35.80,1868,Pastel / Paper,261,"Christie's London, King Street","02/28/2018
                ",sold,35.8,21.8
Prairie à Giverny,9904450,9187500,13125000,Signed Lower Left,65.20 x 81.10,1885,Oil / Canvas,19,"Christie's London, King Street","02/27/2018
                ",sold,81.1,65.2
Vétheuil,9904450,5250000,7875000,Signed Lower Right,65.50 x 92.20,1879,Oil / Canvas,27,"Christie's London, King Street","02/27/2018
                ",sold,92.2,65.5
Pivoines,5917730,4593750,7218750,Stamped,73.70 x 100.30,1887,Oil / Canvas,39,"Christie's London, King Street","02/27/2018
                ",sold,100.3,73.7
Croquis d’enfants,51240,19220,32030,Stamped,23.00 x 30.80,1857,Pencil  and estompe on tinted paper,101,Christie's Hong Kong,"11/26/2017
                ",sold,30.8,23.0
Tête d’adolescent,32030,12810,19220,Stamped,30.90 x 22.90,1857,Pencil  and white chalk on tinted paper,102,Christie's Hong Kong,"11/26/2017
                ",sold,22.9,30.9
Promeneur assis au pied d’un saule,56040,10250,15370,Stamped,31.00 x 22.90,1857,Pencil / Paper,103,Christie's Hong Kong,"11/26/2017
                ",sold,22.9,31.0
Divers bateaux,136110,12810,19220,Stamped,22.90 x 30.70,1857,Pencil / Paper,104,Christie's Hong Kong,"11/26/2017
                ",sold,30.7,22.9
Barques échouées sur la plage,128100,51240,76860,Stamped,19.70 x 29.80,1860-61,  black chalk on paper adhered to a support sheet,105,Christie's Hong Kong,"11/26/2017
                ",sold,29.8,19.7
La mer et les nuages,176140,192150,320250,Stamped,12.00 x 20.80,nogiven,Pastel  on tinted paper adhered to a support sheet,116,Christie's Hong Kong,"11/26/2017
                ",sold,20.8,12.0
Vache à la pâture,272210,51240,76860,Stamped,16.50 x 24.80,1863,Pastel  on tinted paper adhered to a support sheet,117,Christie's Hong Kong,"11/26/2017
                ",sold,24.8,16.5
"Yport, la nuit",152120,153720,230580,Stamped,13.20 x 26.00,nogiven,Pastel  on paper adhered to a support sheet,118,Christie's Hong Kong,"11/26/2017
                ",sold,26.0,13.2
Falaises des Petites-Dalles,4624410,1537200,2305800,Stamped,59.60 x 73.00,1884,Oil / Canvas,119,Christie's Hong Kong,"11/26/2017
                ",sold,73.0,59.6
Trois arbres à Giverny ,4009530,1921500,3202500,Stamped,73.10 x 92.40,1887,Oil / Canvas,129,Christie's Hong Kong,"11/26/2017
                ",sold,92.4,73.1
"LES GLAÇONS, BENNECOURT",23372500,18000000,25000000,Signed and Dated,65.41 x 100.33,1893,Oil / Canvas,25,Sotheby's New York,"11/14/2017
                ",sold,100.33,65.41
CHAMP D'IRIS À GIVERNY,4066600,3000000,5000000,Stamped,46.05 x 99.39,1887,Oil / Canvas,40,Sotheby's New York,"11/14/2017
                ",sold,99.39,46.05
"LES ARCEAUX DE ROSES, GIVERNY",19421000,18000000,25000000,Signed Lower Left,81.61 x 93.68,1913,Oil / Canvas,43,Sotheby's New York,"11/14/2017
                ",sold,93.68,81.61
Nymphéas ,672500,250000,350000,Unavailable,56.21 x 39.07,nogiven,Oil / Canvas,363,"Christie's New York, Rockefeller Center","11/14/2017
                ",sold,39.07,56.21
La Plaine de Gennevilliers,1212500,1000000,1500000,Signed Lower Right,49.86 x 60.96,1877,Oil / Canvas,441,"Christie's New York, Rockefeller Center","11/14/2017
                ",sold,60.96,49.86
La Pointe du Petit Ailly,7062500,6000000,8000000,Signed and Dated,73.36 x 92.71,1897,Oil / Canvas,24A,"Christie's New York, Rockefeller Center","11/13/2017
                ",sold,92.71,73.36
Matinée sur la Seine,23375000,15000000,25000000,Signed and Dated,89.23 x 92.41,1897,Oil / Canvas,26A,"Christie's New York, Rockefeller Center","11/13/2017
                ",sold,92.41,89.23
Le Rio de la Salute,8187500,7000000,10000000,Signed and Dated,81.28 x 64.77,1908,Oil / Canvas,42A,"Christie's New York, Rockefeller Center","11/13/2017
                ",sold,64.77,81.28
Coucher de soleil à Lavacourt,0,5000000,7000000,Signed and Dated,53.98 x 80.98,1880,Oil / Canvas,53A,"Christie's New York, Rockefeller Center","11/13/2017
                ",not sold,80.98,53.98
MARINE,0,1180500,1770750,Stamped,54.30 x 65.30,1882,Oil / Canvas,14,Sotheby's Paris,"10/19/2017
                ",not sold,65.3,54.3
NYMPHEAS ,3515710,0,0,Unavailable,49.00 x 108.00,nogiven,Oil / Canvas,8,"Tajan, Paris","06/28/2017
                ",sold,108.0,49.0
Le chemin creux,7200790,2547600,3821400,Signed and Dated,60.00 x 73.50,1882,Oil / Canvas,13,"Christie's London, King Street","06/27/2017
                ",sold,73.5,60.0
Saule pleureur,11338090,19107000,31845000,Stamped,130.50 x 110.20,1918-19,Oil / Canvas,14,"Christie's London, King Street","06/27/2017
                ",sold,110.2,130.5
La Seine et les côteaux de Chantemesle,2299210,1528560,2292840,Stamped,54.00 x 80.20,1880,Oil / Canvas,28,"Christie's London, King Street","06/27/2017
                ",sold,80.2,54.0
Le phare de l'hospice à Honfleur,0,16790,22390,Signed Lower Left,17.50 x 28.50,nogiven,Ink / Paper,132,Joron-Derem,"06/23/2017
                ",not sold,28.5,17.5
"Beach and Cliffs at Pourville, 1882",4743010,2238800,3358200,Signed and Dated,60.00 x 73.00,1882,Oil / Canvas,10,Pierre Berge,"06/21/2017
                ",sold,73.0,60.0
"Sainte-Adresse, vue sur le Perrey",0,87250,130870,Signed Lower Left,15.50 x 30.80,nogiven,Pastel / Paper,49,De Baecque & Associés,"05/19/2017
                ",not sold,30.8,15.5
YPORT ET FALAISE D'AVAL,0,300000,700000,Stamped,19.69 x 40.34,1861,Pastel  heightened with gouache / Paper,382,Sotheby's New York,"05/17/2017
                ",not sold,40.34,19.69
VÉTHEUIL,5075000,4000000,6000000,Signed and Dated,60.02 x 80.01,1880,Oil / Canvas,8,Sotheby's New York,"05/16/2017
                ",sold,80.01,60.02
LE BASSIN AUX NYMPHÉAS,15987500,14000000,18000000,Stamped,97.16 x 129.87,1917-20,Oil / Canvas,22,Sotheby's New York,"05/16/2017
                ",sold,129.87,97.16
Waterloo Bridge,511500,400000,600000,Signed Lower Right,31.12 x 48.26,1901,Pastel / Paper,163,"Christie's New York, Rockefeller Center","05/16/2017
                ",sold,48.26,31.12
"La berge du Petit-Gennevilliers, soleil couchant",2767500,3000000,5000000,Signed Lower Right,53.67 x 75.26,1875,Oil / Canvas,16A,"Christie's New York, Rockefeller Center","05/15/2017
                ",sold,75.26,53.67
"La route de Vétheuil, effet de neige",11447500,10000000,15000000,Signed and Dated,61.29 x 81.61,1879,Oil / Canvas,20A,"Christie's New York, Rockefeller Center","05/15/2017
                ",sold,81.61,61.29
"Printemps à Giverny, effet d'après-midi",4167500,4000000,6000000,Signed and Dated,60.33 x 81.61,1885,Oil / Canvas,21A,"Christie's New York, Rockefeller Center","05/15/2017
                ",sold,81.61,60.33
"Route à Louveciennes, neige fondante, soleil couchant",4727500,4000000,6000000,Signed Lower Right,40.97 x 54.31,1869-70,Oil / Canvas,37A,"Christie's New York, Rockefeller Center","05/15/2017
                ",sold,54.31,40.97
Nympheas ,0,176000,264000,Unavailable,32.00 x 46.00,nogiven,Oil / Canvas,1095,Mainichi Auction Inc.,"05/13/2017
                ",not sold,46.0,32.0
"""Nymphéas"", 1920",58710,53370,85390,Unavailable,36.00 x 45.50,nogiven,Oil / Canvas,89,Mirabaud & Mercier (form. Audap & Mirabaud,"03/24/2017
                ",sold,45.5,36.0
LA SEINE À LAVACOURT,1114130,735600,980800,Unavailable,46.00 x 61.00,1879,Oil / Canvas,130,"Sotheby's London, New Bond Street","03/02/2017
                ",sold,61.0,46.0
Les bords de la Seine au Petit-Gennevilliers,4394620,2493400,3740100,Signed Lower Left,54.20 x 73.00,1874,Oil / Canvas,7,"Christie's London, King Street","02/28/2017
                ",sold,73.0,54.2
Saules au bord de l’Yerres,3836100,1870050,3116750,Signed and Dated,54.40 x 65.70,1876,Oil / Canvas,21,"Christie's London, King Street","02/28/2017
                ",sold,65.7,54.4
CHEMIN DE LA CAVEE POURVILLE .,0,250000,350000,Signed,45.09 x 31.12,nogiven,Oil / Canvas,48,Palm Beach Modern Auctions,"12/17/2016
                ",not sold,31.12,45.09
"L'Enfant à la tasse, portrait de Jean Monet",0,586040,732550,Signed and Dated,46.00 x 33.00,1868,Oil / Canvas,1,Auctionata,"12/16/2016
                ",not sold,33.0,46.0
Le peintre Azaïsse,56250,20000,30000,Unavailable,40.97 x 30.18,nogiven,Charcoal / Paper,1078,"Christie's New York, Rockefeller Center","11/17/2016
                ",sold,30.18,40.97
La Vague,3547500,1500000,2500000,Stamped,55.25 x 73.99,Septembe1880,Oil / Canvas,7B,"Christie's New York, Rockefeller Center","11/16/2016
                ",sold,73.99,55.25
Meule,81447500,0,0,Signed Lower Left,72.72 x 92.08,1891,Oil / Canvas,9B,"Christie's New York, Rockefeller Center","11/16/2016
                ",sold,92.08,72.72
Les bords de la Seine près d’Argenteuil,3607500,3000000,5000000,Signed Lower Right,54.31 x 73.36,1874,Oil / Canvas,38B,"Christie's New York, Rockefeller Center","11/16/2016
                ",sold,73.36,54.31
"L’Ancienne rue de la Chaussée, Argenteuil",0,6558300,9473100,Signed Lower Right,46.30 x 65.70,1872,Oil / Canvas,20,"Christie's London, King Street","06/22/2016
                ",not sold,65.7,46.3
Study of Water/An Oil Study Fragment,92250,60000,80000,Unsigned,56.52 x 39.37,nogiven,Oil / Canvas,326,"Skinner Inc, Boston","05/13/2016
                ",sold,39.37,56.52
Au Petit-Gennevilliers,11365000,12000000,18000000,Signed Lower Right,54.61 x 73.36,1874,Oil / Canvas,16C,"Christie's New York, Rockefeller Center","05/12/2016
                ",sold,73.36,54.61
Le bassin aux nymphéas,27045000,25000000,35000000,Signed and Dated,100.03 x 103.84,1919,Oil / Canvas,27C,"Christie's New York, Rockefeller Center","05/12/2016
                ",sold,103.84,100.03
MARÉE BASSE AUX PETITES-DALLES,9882000,3000000,5000000,Signed and Dated,60.02 x 73.03,1884,Oil / Canvas,25,Sotheby's New York,"05/09/2016
                ",sold,73.03,60.02
CAMILLE À L'OMBRELLE VERTE,9434000,9000000,12000000,Signed Lower Left,81.28 x 59.39,1876,Oil / Canvas,36,Sotheby's New York,"05/09/2016
                ",sold,59.39,81.28
PRÈS MONTE-CARLO,7082000,5000000,7000000,Signed and Dated,65.74 x 81.92,1883,Oil / Canvas,59,Sotheby's New York,"05/09/2016
                ",sold,81.92,65.74
MICHEL MONET ET JEAN-PIERRE HOSCHEDÉ SE TENANT PAR L'ÉPAULE,64050,51240,65880,Unavailable,73.30 x 60.00,nogiven,Charcoal / Canvas,195,"Sotheby's London, New Bond Street","02/04/2016
                ",sold,60.0,73.3
UN MOULIN À ZAANDAM,0,1145360,1718040,Signed Lower Left,50.00 x 75.00,1871,Oil / Canvas,16,"Sotheby's London, New Bond Street","02/03/2016
                ",not sold,75.0,50.0
LE PALAIS DUCAL VU DE SAINT-GEORGES MAJEUR,16569060,17180400,25770600,Signed Lower Right,65.00 x 100.00,1908,Oil / Canvas,23,"Sotheby's London, New Bond Street","02/03/2016
                ",sold,100.0,65.0
LE MONT RIBOUDET À ROUEN AU PRINTEMPS,0,1431700,2147550,Signed Lower Right,56.00 x 74.00,1872,Oil / Canvas,28,"Sotheby's London, New Bond Street","02/03/2016
                ",not sold,74.0,56.0
Portrait d'homme debout,244100,214760,357930,Signed and Dated,46.00 x 32.50,1864,Oil / Canvas,327,"Christie's London, King Street","02/03/2016
                ",sold,32.5,46.0
"ETRETAT, LE PERREY, LA PORTE D'AMONT",345460,164510,219340,Signed Lower Left,22.50 x 40.00,1868,Pastel / Paper,14,Sotheby's Paris,"12/10/2015
                ",sold,40.0,22.5
"Paysage, environs du Havre",360100,211700,317550,Unavailable,24.00 x 31.00,1878,Pastel / Paper,62,Blanchet & Associes,"11/27/2015
                ",sold,31.0,24.0
Soleil levant,293000,180000,250000,Signed,26.04 x 34.93,nogiven,Pastel / Paper,1064,"Christie's New York, Rockefeller Center","11/13/2015
                ",sold,34.93,26.04
Paysage à Villez,665000,600000,900000,Unavailable,60.33 x 78.74,nogiven,Oil / Canvas,1265,"Christie's New York, Rockefeller Center","11/13/2015
                ",sold,78.74,60.33
Iris jaunes au nuage rose,5765000,6000000,8000000,Stamped,100.33 x 100.33,1924-25,Oil / Canvas,38,"Christie's New York, Rockefeller Center","11/12/2015
                ",sold,100.33,100.33
"CHEMIN CREUX, EFFET DE LUMIÈRE",574000,250000,350000,Unavailable,26.37 x 35.56,1881,Pastel / Paper,332,        26,"11/06/2015
                ",sold,35.56,26.37
NYMPHÉAS,33850000,30000000,50000000,Signed Lower Right,100.03 x 81.28,1908,Oil / Canvas,22,Sotheby's New York,"11/05/2015
                ",sold,81.28,100.03
BRANCHE DE CITRONNIER,2170000,1200000,1800000,Unavailable,50.17 x 56.85,1884,Oil / Canvas,25,Sotheby's New York,"11/05/2015
                ",sold,56.85,50.17
"FAISANS, BÉCASSES ET PERDRIX",2530000,2500000,3500000,Signed,89.23 x 68.28,1879,Oil / Canvas,66,Sotheby's New York,"11/04/2015
                ",sold,68.28,89.23
"WATERLOO BRIDGE, BROUILLARD",407880,285680,396780,Unavailable,31.60 x 48.50,1901,Pastel / Paper,347,"Sotheby's London, New Bond Street","06/25/2015
                ",sold,48.5,31.6
GAMIN DES RUES,109110,12700,19050,Signed Lower Right,31.00 x 23.00,1857,Pencil / Paper,417,"Sotheby's London, New Bond Street","06/25/2015
                ",sold,23.0,31.0
"ETRETAT, FALAISE ET PORTE D'AMONT, GROSSE MER",4858110,2380650,3174200,Signed Lower Right,65.00 x 81.00,1883,Oil / Canvas,10,"Sotheby's London, New Bond Street","06/24/2015
                ",sold,81.0,65.0
"FIN D'APRÈS-MIDI, VÉTHEUIL",0,6348400,9522600,Signed and Dated,72.00 x 99.00,1880,Oil / Canvas,15,"Sotheby's London, New Bond Street","06/24/2015
                ",not sold,99.0,72.0
"L'Enfant à la tasse, portrait de Jean Monet",549470,226820,294870,Signed Lower Left,46.00 x 33.00,nogiven,Oil / Canvas,31,Auctionata,"06/24/2015
                ",sold,33.0,46.0
Iris mauves,17195430,9522600,14283900,Stamped,200.50 x 100.50,1914-1917,Oil / Canvas,12,"Christie's London, King Street","06/23/2015
                ",sold,100.5,200.5
Les meules à Giverny,16405000,12000000,18000000,Signed and Dated,62.23 x 80.98,1885,Oil / Canvas,15C,"Christie's New York, Rockefeller Center","05/14/2015-05/15/2015
                ",sold,80.98,62.23
Paysage de matin,4533000,6000000,8000000,Signed and Dated,73.36 x 80.65,1888,Oil / Canvas,21C,"Christie's New York, Rockefeller Center","05/14/2015-05/15/2015
                ",sold,80.65,73.36
"Le Parlement, soleil couchant ",40485000,35000000,45000000,Signed and Dated,81.28 x 93.01,1902,Oil / Canvas,24A,"Christie's New York, Rockefeller Center","05/11/2015
                ",sold,93.01,81.28
NYMPHÉAS,2290000,1000000,1500000,Unavailable,46.05 x 56.21,1917-19,Oil / Paper,129,Sotheby's New York,"05/06/2015
                ",sold,56.21,46.05
LE GOLFE JUAN,1330000,600000,800000,Stamped,65.10 x 92.08,1888,Oil / Canvas,328,Sotheby's New York,"05/06/2015
                ",sold,92.08,65.1
"AU VAL SAINT-NICOLAS PRÈS DIEPPE, MATIN",0,3000000,4000000,Signed and Dated,65.74 x 100.33,1897,Oil / Canvas,19,Sotheby's New York,"05/05/2015
                ",not sold,100.33,65.74
LA SEINE À VÉTHEUIL,11450000,6000000,8000000,Signed Lower Left,81.61 x 92.41,1901,Oil / Canvas,28,Sotheby's New York,"05/05/2015
                ",sold,92.41,81.61
NYMPHÉAS,54010000,30000000,45000000,Signed and Dated,80.98 x 100.33,1905,Oil / Canvas,30,Sotheby's New York,"05/05/2015
                ",sold,100.33,80.98
LE PALAIS DUCAL,23098000,15000000,20000000,Signed and Dated,57.15 x 92.08,1908,Oil / Canvas,40,Sotheby's New York,"05/05/2015
                ",sold,92.08,57.15
"BASSIN AUX NYMPHÉAS, LES ROSIERS",20410000,18000000,25000000,Signed and Dated,73.03 x 100.03,1913,Oil / Canvas,47,Sotheby's New York,"05/05/2015
                ",sold,100.03,73.03
"LE CHEMIN D'EPINAY, EFFET DE NEIGE",6410000,6000000,8000000,Signed Lower Right,60.96 x 99.39,1875,Oil / Canvas,49,Sotheby's New York,"05/05/2015
                ",sold,99.39,60.96
LILY POND,330000,40000,60000,Signed Lower Right,16.51 x 24.13,C1910,Oil / Board,42018,DuMouchelles Auction House,"04/17/2015-04/19/2015
                ",sold,24.13,16.51
Vue d'un port,2089330,1193220,1590960,Signed Lower Right,49.80 x 65.00,1871,Oil / Canvas,22,Christie's Paris,"03/24/2015
                ",sold,65.0,49.8
Paysage à Villez,0,1160630,1547500,Unavailable,60.30 x 78.80,nogiven,Oil / Canvas,28,"Christie's London, King Street","02/04/2015
                ",not sold,78.8,60.3
VASE DE PIVOINES,3523660,1857000,2785500,Signed Lower Right,100.00 x 81.00,1882,Oil / Canvas,4,"Sotheby's London, New Bond Street","02/03/2015
                ",sold,81.0,100.0
ANTIBES VUE DE LA SALIS,13576220,7737500,10832500,Signed and Dated,65.50 x 91.00,1888,Oil / Canvas,8,"Sotheby's London, New Bond Street","02/03/2015
                ",sold,91.0,65.5
LE GRAND CANAL,36627780,30950000,46425000,Signed and Dated,73.00 x 92.00,1908,Oil / Canvas,15,"Sotheby's London, New Bond Street","02/03/2015
                ",sold,92.0,73.0
LES PEUPLIERS À GIVERNY,16695980,13927500,18570000,Signed Lower Left,74.00 x 92.70,1887,Oil / Canvas,21,"Sotheby's London, New Bond Street","02/03/2015
                ",sold,92.7,74.0
L'EMBARCADÈRE,15829380,11606250,15475000,Signed Lower Right,54.00 x 73.50,1871,Oil / Canvas,29,"Sotheby's London, New Bond Street","02/03/2015
                ",sold,73.5,54.0
"Étude de ciel, vers 1868",411000,79550,106060,Signed Lower Right,17.50 x 23.50,1868,Pastel / Paper,41,Beaussant Lefevre,"12/18/2014
                ",sold,23.5,17.5
Étude de ciel,331450,79550,106060,Signed Lower Right,15.50 x 23.00,nogiven,Pastel / Paper,42,Beaussant Lefevre,"12/18/2014
                ",sold,23.0,15.5
Nuage sur la mer,39770,39770,53030,Unavailable,12.00 x 22.50,nogiven,Pastel / Paper,29,Lombrail Teucquam,"11/28/2014
                ",sold,22.5,12.0
Faisans suspendus,581000,600000,800000,Signed Lower Right,114.30 x 38.10,1882,Oil / Canvas,315,"Christie's New York, Rockefeller Center","11/06/2014
                ",sold,38.1,114.3
Port-Coton: Le Lion,3973000,3000000,5000000,Signed and Dated,60.02 x 74.93,1886,Oil / Canvas,15,"Christie's New York, Rockefeller Center","11/05/2014
                ",sold,74.93,60.02
YPORT ET FALAISE D'AVAL,395000,200000,300000,Stamped,19.69 x 40.34,1861,Pastel  and gouache / Paper,392,Sotheby's New York,"11/05/2014
                ",sold,40.34,19.69
LE JARDIN DE VÉTHEUIL,7557000,4000000,5000000,Signed and Dated,59.69 x 74.30,1881,Oil / Canvas,20,Sotheby's New York,"11/04/2014
                ",sold,74.3,59.69
SOUS LES PEUPLIERS,20325000,12000000,18000000,Signed and Dated,73.03 x 66.68,1887,Oil / Canvas,28,Sotheby's New York,"11/04/2014
                ",sold,66.68,73.03
ALICE HOSCHEDÉ AU JARDIN,33765000,25000000,35000000,Signed Lower Right,80.98 x 64.77,1881,Oil / Canvas,29,Sotheby's New York,"11/04/2014
                ",sold,64.77,80.98
"ÉGLISE DE VERNON, SOLEIL",7781000,7000000,9000000,Signed and Dated,66.04 x 93.68,1894,Oil / Canvas,30,Sotheby's New York,"11/04/2014
                ",sold,93.68,66.04
XAVIER AYMON DE MONTÉPIN,23210,15480,23210,Inscribed,31.50 x 23.70,1858,Pencil  and chalk / Paper,183,"Christie's London, King Street","06/25/2014
                ",sold,23.7,31.5
Portrait de Jeanne Serveau,0,742800,1083250,Signed and Dated,46.40 x 38.00,1880,Oil / Canvas,375,"Christie's London, King Street","06/25/2014
                ",not sold,38.0,46.4
La côte de Varengeville,4460670,2321250,3868750,Signed and Dated,65.00 x 81.00,1882,Oil / Canvas,18,"Christie's London, King Street","06/24/2014
                ",sold,81.0,65.0
L'Hiver près de Lavacourt,2380830,2166500,3095000,Unavailable,55.00 x 73.50,1880,Oil / Canvas,41,"Christie's London, King Street","06/24/2014
                ",sold,73.5,55.0
LE GOLFE JUAN,0,619000,928500,Signed Lower Left,65.00 x 92.00,1888,Oil / Canvas,139,"Sotheby's London, New Bond Street","06/24/2014
                ",not sold,92.0,65.0
MICHEL MONET ET JEAN-PIERRE HOSCHEDÉ SE TENANT PAR L'ÉPAULE,0,77380,108330,Unavailable,73.30 x 60.00,1886,Charcoal / Canvas,409,"Sotheby's London, New Bond Street","06/24/2014
                ",not sold,60.0,73.3
"ANTIBES, VUE DU PLATEAU NOTRE-DAME",12260070,9285000,12380000,Signed and Dated,65.10 x 92.10,1888,Oil / Canvas,8,"Sotheby's London, New Bond Street","06/23/2014
                ",sold,92.1,65.1
LA SEINE À ARGENTEUIL,13213330,10832500,15475000,Signed and Dated,59.80 x 79.80,1875,Oil / Canvas,9,"Sotheby's London, New Bond Street","06/23/2014
                ",sold,79.8,59.8
NYMPHÉAS,49090570,30950000,46425000,Signed and Dated,88.50 x 100.00,1906,Oil / Canvas,17,"Sotheby's London, New Bond Street","06/23/2014
                ",sold,100.0,88.5
FERME NORMANDE SOUS LES ARBRES,425000,350000,500000,Signed Lower Left,32.39 x 22.56,nogiven,Pastel / Paper,152,Sotheby's New York,"05/08/2014
                ",sold,22.56,32.39
SUR LA FALAISE À POURVILLE,8229000,5000000,7000000,Signed and Dated,60.33 x 81.28,1882,Oil / Canvas,10,Sotheby's New York,"05/07/2014
                ",sold,81.28,60.33
CATHÉDRALE DE ROUEN,3973000,2000000,3000000,Signed Lower Left,92.08 x 73.36,1892,Oil / Canvas,23,Sotheby's New York,"05/07/2014
                ",sold,73.36,92.08
LE PONT JAPONAIS,15845000,12000000,18000000,Stamped,90.17 x 116.21,1918-24,Oil / Canvas,28,Sotheby's New York,"05/07/2014
                ",sold,116.21,90.17
Nymphéas,27045000,25000000,35000000,Signed Lower Right,100.03 x 81.28,1907,Oil / Canvas,8,"Christie's New York, Rockefeller Center","05/06/2014
                ",sold,81.28,100.03
Le Givre,7221000,6000000,9000000,Signed Lower Right,49.86 x 60.96,1875,Oil / Canvas,18,"Christie's New York, Rockefeller Center","05/06/2014
                ",sold,60.96,49.86
L'Escalier,3525000,1500000,2500000,Signed Lower Left,61.60 x 50.17,1878,Oil / Canvas,19,"Christie's New York, Rockefeller Center","05/06/2014
                ",sold,50.17,61.6
Maison sur la Lézarde à Montivilliers,36460,23860,33150,Signed and Dated,30.90 x 23.00,1857,Pencil / Paper,59,Christie's Paris,"03/26/2014
                ",sold,23.0,30.9
Jeune garçon assis,29830,23860,33150,Signed Lower Right,23.00 x 31.00,1857,Pencil  and chalk / Paper,60,Christie's Paris,"03/26/2014
                ",sold,31.0,23.0
La Seine à Port-Villez,145180,79550,106060,Stamped,14.60 x 23.00,1908-1909,Oil / Canvas,4,Christie's Paris,"03/25/2014
                ",sold,23.0,14.6
"MEULE, SOLEIL COUCHANT",1025220,154750,232130,Signed Lower Right,11.60 x 18.90,nogiven,Oil / Vellum,142,"Sotheby's London, New Bond Street","02/06/2014
                ",sold,18.9,11.6
HIVER À GIVERNY,598110,541630,773750,Stamped,60.00 x 81.50,1886,Oil / Canvas,217,"Sotheby's London, New Bond Street","02/06/2014
                ",sold,81.5,60.0
COUR DE FERME,1340910,464250,619000,Signed and Dated,61.20 x 50.00,1878,Oil / Canvas,482,"Sotheby's London, New Bond Street","02/06/2014
                ",sold,50.0,61.2
"AU BORD DU FJORD, PRÈS CHRISTIANIA",3334090,1857000,2785500,Signed and Dated,65.00 x 100.50,1895,Oil / Canvas,47,"Sotheby's London, New Bond Street","02/05/2014
                ",sold,100.5,65.0
PAVOTS ROUGE ET ROSE,1526610,1392750,1857000,Signed,119.50 x 37.00,1883,Oil / Canvas,78,"Sotheby's London, New Bond Street","02/05/2014
                ",sold,37.0,119.5
LE FORT D'ANTIBES,1730880,696380,1005880,Stamped,59.50 x 80.00,1888,Oil / Canvas,86,"Sotheby's London, New Bond Street","02/05/2014
                ",sold,80.0,59.5
NYMPHÉAS ,449550,278550,386880,Unavailable,73.00 x 54.40,nogiven,Oil / Canvas,449,"Christie's London, King Street","02/05/2014
                ",sold,54.4,73.0
"L'ÉGLISE DE VARENGEVILLE, SOLEIL COUCHANT",8793670,6190000,10832500,Signed and Dated,64.80 x 81.00,1882,Oil / Canvas,16,"Christie's London, King Street","02/04/2014
                ",sold,81.0,64.8
"PAYSAGE DE NORVÈGE, SANDVIKEN",1768020,773750,1238000,Stamped,73.00 x 92.00,1895,Oil / Canvas,44,"Christie's London, King Street","02/04/2014
                ",sold,92.0,73.0
"Les sapins à Varengeville, 1882",0,1500000,2000000,Stamped,59.94 x 81.03,1882,Oil / Canvas,31,Fine Art Auctions Miami-FAAM,"12/05/2013
                ",not sold,81.03,59.94
Pourville près Dieppe. 1882,1497580,1283640,1925460,Signed and Dated,60.50 x 81.50,1882,Oil / Canvas,3214,"Galerie Koller, AG, Zurich","12/04/2013-12/07/2013
                ",sold,81.5,60.5
LE GOLFE JUAN,1685000,600000,800000,Stamped,60.96 x 88.90,1888,Oil / Canvas,136,Sotheby's New York,"11/07/2013
                ",sold,88.9,60.96
"COUCHER DE SOLEIL À POURVILLE, PLEINE MER",4645000,1500000,2500000,Signed and Dated,53.98 x 73.66,1882,Oil / Canvas,21,Sotheby's New York,"11/06/2013
                ",sold,73.66,53.98
"GLAÇONS, EFFET BLANC",16125000,9000000,14000000,Signed and Dated,65.41 x 100.03,1894,Oil / Canvas,32,Sotheby's New York,"11/06/2013
                ",sold,100.03,65.41
CHEVAUX À LA POINTE DE LA HÈVE,2741000,1500000,2000000,Signed and Dated,53.98 x 73.66,1964,Oil / Canvas,55,Sotheby's New York,"11/06/2013
                ",sold,73.66,53.98
L'Ile aux Orties,8117000,6000000,9000000,Signed and Dated,73.36 x 92.71,1897,Oil / Canvas,14,"Christie's New York, Rockefeller Center","11/05/2013
                ",sold,92.71,73.36
"La maison du Douanier, effet rose",4421000,4000000,6000000,Signed and Dated,65.74 x 92.71,1897,Oil / Canvas,17,"Christie's New York, Rockefeller Center","11/05/2013
                ",sold,92.71,65.74
"Egalité, ne l'oublions pas est un principe de la Déclaration des droits de l'Homme .",9380,10000,15000,Signed Lower Left,22.56 x 12.07,nogiven,Watercolor and ink  and brush with wash / Paper,21,Swann Galleries,"11/05/2013
                ",sold,12.07,22.56
"Entrée de Giverny en hiver, soleil couchant",5205000,5000000,8000000,Signed Lower Left,65.41 x 81.28,1885,Oil / Canvas,37,"Christie's New York, Rockefeller Center","11/05/2013
                ",sold,81.28,65.41
ARBRES FRUITIERS,509000,250000,350000,Unavailable,22.86 x 29.21,1865-75,Pastel / Paper,127,"Christie's New York, Rockefeller Center","11/05/2013
                ",sold,29.21,22.86
BARQUE ÉCHOUÉE PRÈS DE SAINTE-ADRESSE,238270,109370,156240,Signed Lower Left,20.70 x 31.70,nogiven,Crayon / Paper,172,"Sotheby's London, New Bond Street","06/20/2013
                ",sold,31.7,20.7
LE PALAIS CONTARINI,30832640,23497500,31330000,Signed and Dated,73.00 x 92.00,1908,Oil / Canvas,42,"Sotheby's London, New Bond Street","06/19/2013
                ",sold,92.0,73.0
LE PONT DE BOIS,9778880,6266000,9399000,Signed Lower Left,54.00 x 73.00,1872,Oil / Canvas,56,"Sotheby's London, New Bond Street","06/19/2013
                ",sold,73.0,54.0
"L'ÉGLISE DE VERNON, TEMPS GRIS",7147160,4699500,6266000,Signed and Dated,65.00 x 92.00,1894,Oil / Canvas,61,"Sotheby's London, New Bond Street","06/19/2013
                ",sold,92.0,65.0
Sainte-Adresse,4496290,1571100,2356650,Signed Lower Right,48.20 x 74.30,1873,Oil / Canvas,17,"Christie's London, King Street","06/18/2013
                ",sold,74.3,48.2
Dandy au petit cigare,0,19910,26550,Signed,58.50 x 35.00,nogiven,Pencil / Paper,194,Fraysse & Associes,"06/12/2013
                ",not sold,35.0,58.5
"ARGENTEUIL, FIN D'APRÈS-MIDI",6059750,5000000,7000000,Signed Lower Right,60.02 x 81.28,1872,Oil / Canvas,17,"Christie's New York, Rockefeller Center","05/08/2013
                ",sold,81.28,60.02
CHEMIN,5163750,2000000,3000000,Signed Lower Left,65.41 x 81.28,1986,Oil / Canvas,19,"Christie's New York, Rockefeller Center","05/08/2013
                ",sold,81.28,65.41
AUTOMNE À JEUFOSSE,4869000,2000000,3000000,Signed and Dated,60.02 x 73.03,1884,Oil / Canvas,22,Sotheby's New York,"05/07/2013
                ",sold,73.03,60.02
POIRIER EN FLEURS,8565000,5000000,7000000,Signed and Dated,64.77 x 81.28,1885,Oil / Canvas,27,Sotheby's New York,"05/07/2013
                ",sold,81.28,64.77
CHEMIN DANS LE BROUILLARD,3189000,1800000,2500000,Signed and Dated,65.10 x 73.03,1879,Oil / Canvas,63,Sotheby's New York,"05/07/2013
                ",sold,73.03,65.1
"Un Bras de Seine près de Vétheuil, 1878",0,4000000,6000000,Signed Lower Right,45.97 x 71.37,1878,Oil / Canvas,32,Fine Art Auctions Miami-FAAM,"04/27/2013
                ",not sold,71.37,45.97
"Sainte-Adresse, la Pointe de la Hève",0,130810,196220,Signed Lower Left,18.50 x 25.50,1864-65,Pastel / Paper,40,Christie's Paris,"04/11/2013
                ",not sold,25.5,18.5
Waterloo Bridge,490460,313140,469710,Signed Lower Right,31.20 x 48.30,1901,Pastel / Paper,292,"Christie's London, King Street","02/07/2013
                ",sold,48.3,31.2
LA SEINE À PORT-VILLEZ,209580,141550,188740,Stamped,16.30 x 23.20,1909,Oil / Paper,374,"Sotheby's London, New Bond Street","02/06/2013
                ",sold,23.2,16.3
UN MOULIN À ZAANDAM,1737340,1257520,1886280,Signed Lower Left,50.00 x 75.00,1871,Oil / Canvas,15,"Sotheby's London, New Bond Street","02/05/2013
                ",sold,75.0,50.0
LE GIVRE À GIVERNY,13796960,6287600,9431400,Signed Lower Left,54.00 x 71.00,1885,Oil / Canvas,16,"Sotheby's London, New Bond Street","02/05/2013
                ",sold,71.0,54.0
NYMPHÉAS AVEC REFLETS DE HAUTES HERBES,14149060,18862800,28294200,Signed Lower Right,130.00 x 200.00,1914-17,Oil / Canvas,20,"Sotheby's London, New Bond Street","02/05/2013
                ",sold,200.0,130.0
"Les bords de la Seine au pont d'Argenteuil, 1874",8817500,8000000,10000000,Signed Lower Right,54.10 x 72.90,1874,Oil / Canvas,54,Fine Art Auctions Miami-FAAM,"12/06/2012-12/07/2012
                ",sold,72.9,54.1
Les nymphéas ,12160,6400,7680,Unavailable,20.50 x 8.00,nogiven,Oil / Canvas,51,Millon & Associes,"11/21/2012
                ",sold,8.0,20.5
CHAMP DE BLÉ,12122500,5000000,7000000,Signed and Dated,65.74 x 81.92,1881,Oil / Canvas,19,Sotheby's New York,"11/08/2012
                ",sold,81.92,65.74
IRIS,6130500,4000000,6000000,Stamped,120.65 x 100.33,1914-17,Oil / Canvas,22,Sotheby's New York,"11/08/2012
                ",sold,100.33,120.65
LA MAISON DANS LES ROSES,0,2500000,3500000,Unsigned,88.90 x 99.67,1925,Oil / Canvas,25,Sotheby's New York,"11/08/2012
                ",not sold,99.67,88.9
"Bateaux de pêche, temps calme",2098500,2000000,3000000,Signed Lower Right,64.14 x 53.98,1868,Oil / Canvas,3,"Christie's New York, Rockefeller Center","11/07/2012
                ",sold,53.98,64.14
Bloc de rochers à Port-Goulphar,2378500,1800000,2500000,Signed and Dated,65.41 x 65.41,1887,Oil / Canvas,16,"Christie's New York, Rockefeller Center","11/07/2012
                ",sold,65.41,65.41
Nymphéas,43762500,30000000,50000000,Signed and Dated,88.27 x 98.43,1905,Oil / Canvas,41,"Christie's New York, Rockefeller Center","11/07/2012
                ",sold,98.43,88.27
"Dans la prairie, Vétheuil",3670000,800000,1000000,Signed,42.00 x 52.00,1881,Oil / Canvas,18,Millon & Associes,"10/22/2012
                ",sold,52.0,42.0
Tête d'enfant,0,37490,49990,Unavailable,54.50 x 51.00,nogiven,Oil / Canvas,25,Millon & Associes,"06/27/2012
                ",not sold,51.0,54.5
Bateaux devant les falaises de Pourville,2700810,2353650,3922750,Signed and Dated,60.00 x 81.00,1882,Oil / Canvas,3,"Christie's London, King Street","06/20/2012
                ",sold,81.0,60.0
"Le Chantier de petits navires, près de Honfleur",4370340,1882920,2824380,Signed Lower Left,22.50 x 32.00,1864,Oil / Canvas,19,"Christie's London, King Street","06/20/2012
                ",sold,32.0,22.5
La maison dans les roses,2876550,2353650,3138200,Stamped,92.00 x 73.00,1925,Oil / Canvas,39,"Christie's London, King Street","06/20/2012
                ",sold,73.0,92.0
LA SEINE À BOUGIVAL,3753090,3450040,5018240,Signed Lower Left,50.00 x 65.00,1869,Oil / Canvas,5,"Sotheby's London, New Bond Street","06/19/2012
                ",sold,65.0,50.0
"ÉTRETAT,  AIGUILLE  ET  PORTE  D'AVAL,  SOLEIL  COUCHANT",376690,313130,438380,Unavailable,18.40 x 41.00,1883-85,Pastel / Paper,30,Sotheby's Paris,"05/30/2012
                ",sold,41.0,18.4
Marine,4775,5030,8800,Signed Lower Left,9.50 x 16.00,nogiven,Mixed Media  pencil heightened with white / Paper,94,Brissonneau,"05/25/2012
                ",sold,16.0,9.5
HOMME COIFFÉ D'UNE CASQUETTE,22500,7000,9000,Signed Initials,18.11 x 13.34,1858-59,Pencil / Card,210,Sotheby's New York,"05/03/2012
                ",sold,13.34,18.11
CHAMP À GIVERNY,2658500,1000000,1500000,Stamped,66.04 x 92.41,1887,Oil / Canvas,35,Sotheby's New York,"05/02/2012
                ",sold,92.41,66.04
Anémones en pot,1650500,1200000,1800000,Signed Lower Right,48.90 x 35.56,1885,Oil / Canvas,4,"Christie's New York, Rockefeller Center","05/01/2012
                ",sold,35.56,48.9
Les demoiselles de Giverny,9602500,9000000,12000000,Signed and Dated,64.14 x 99.70,1894,Oil / Canvas,11,"Christie's New York, Rockefeller Center","05/01/2012
                ",sold,99.7,64.14
Voilier sur le petit bras de la Seine,9265500,8000000,12000000,Signed and Dated,51.13 x 63.50,1872,Oil / Canvas,116,Fine Art Auctions Miami-FAAM,"04/26/2012
                ",sold,63.5,51.13
BERGES DE LA SEINE PRÈS DE VÉTHEUIL,3965810,1266400,1899600,Signed Lower Right,65.00 x 81.20,1881,Oil / Canvas,2,"Sotheby's London, New Bond Street","02/08/2012
                ",sold,81.2,65.0
L'ENTRÉE DE GIVERNY EN HIVER,13007910,7123500,10289500,Signed Lower Left,65.50 x 85.50,1885,Oil / Canvas,5,"Sotheby's London, New Bond Street","02/08/2012
                ",sold,85.5,65.5
PRINTEMPS À VÉTHEUIL,2370150,1978750,2770250,Signed Lower Left,60.00 x 80.50,1881,Oil / Canvas,47,"Sotheby's London, New Bond Street","02/08/2012
                ",sold,80.5,60.0
"Le bras de Jeufosse, automne",3777980,2052180,2999340,Signed Lower Left,60.60 x 73.30,1884,Oil / Canvas,33,"Christie's London, King Street","02/07/2012
                ",sold,73.3,60.6
La Seine à Port-Villez,273880,80160,106880,Stamped,14.60 x 23.00,1908-09,Oil / Canvas,81,Christie's Paris,"12/01/2011
                ",sold,23.0,14.6
Nymphéas ,182510,108150,135190,Unavailable,70.00 x 48.00,nogiven,Oil / Canvas,63,Millon & Associes,"11/21/2011
                ",sold,48.0,70.0
"French Coastal Seascape, 1888",0,15000,20000,Signed and Dated,33.27 x 40.89,1888,Oil / Canvas,6237,Clars Auction Gallery,"11/12/2011-11/13/2011
                ",not sold,40.89,33.27
"ANTIBES, LE FORT",9266500,5000000,7000000,Signed and Dated,65.10 x 81.61,1888,Oil / Canvas,9,Sotheby's New York,"11/02/2011
                ",sold,81.61,65.1
BORDS DE LA SEINE EN AUTOMNE,1650500,1200000,1800000,Signed Lower Right,54.94 x 73.66,nogiven,Oil / Canvas,68,Sotheby's New York,"11/02/2011
                ",sold,73.66,54.94
"La Seine près de Vétheuil, temps orageux",4891220,1914840,2712690,Signed and Dated,60.70 x 100.30,187,Oil / Canvas,67,"Christie's London, South Kensington","06/28/2011
                ",sold,100.3,60.7
"Les bords de la Seine au pont d'Argenteuil, 1874",0,8510400,11347200,Signed Lower Right,54.00 x 73.00,1874,Oil / Canvas,11,Claude Aguttes,"06/27/2011
                ",not sold,73.0,54.0
NYMPHéAS,0,27483900,38800800,Stamped,150.00 x 200.00,1914-191,Oil / Canvas,31,"Christie's London, King Street","06/21/2011
                ",not sold,200.0,150.0
Le chemin de halage à Granval,4050240,4041750,5658450,Signed and Dated,65.00 x 81.00,1883,Oil / Canvas,64,"Christie's London, King Street","06/21/2011
                ",sold,81.0,65.0
"Aiguille d'Etretat, marée basse",4050240,4041750,5658450,Signed and Dated,60.00 x 81.00,1883,Oil / Canvas,67,"Christie's London, King Street","06/21/2011
                ",sold,81.0,60.0
Pourville,3054350,1455030,1940040,Stamped,54.30 x 65.60,188,Oil / Canvas,86,"Christie's London, King Street","06/21/2011
                ",sold,65.6,54.3
NYMPHÉAS ,553160,215660,287540,Unavailable,25.80 x 102.10,nogiven,Oil / Canvas,53,Sotheby's Paris,"06/01/2011
                ",sold,102.1,25.8
Portrait de Jeanne Serveau,549470,256900,356800,Signed and Dated,46.00 x 37.80,1880,Oil / Canvas,41,Christie's Paris,"05/20/2011
                ",sold,37.8,46.0
Les Peupliers,22482500,20000000,30000000,Unavailable,116.21 x 72.39,1891,Oil / Canvas,16,"Christie's New York, Rockefeller Center","05/04/2011
                ",sold,72.39,116.21
"Église de Varengeville, effet matinal",2210500,1800000,2500000,Unavailable,60.33 x 73.03,1882,Oil / Canvas,36,"Christie's New York, Rockefeller Center","05/04/2011
                ",sold,73.03,60.33
Belle-Île,1142500,1000000,1500000,Stamped,60.02 x 60.02,1886,Oil / Canvas,38,"Christie's New York, Rockefeller Center","05/04/2011
                ",sold,60.02,60.02
Iris mauves,0,15000000,20000000,Stamped,200.03 x 100.33,1914-17,Oil / Canvas,40,"Christie's New York, Rockefeller Center","05/04/2011
                ",not sold,100.33,200.03
"Sur la falaise, au Petit Ailly",1986500,800000,1200000,Stamped,71.12 x 91.44,1896,Oil / Canvas,49,"Christie's New York, Rockefeller Center","05/04/2011
                ",sold,91.44,71.12
"DANS LE PRAIRIE, VÉTHEUIL",0,600000,800000,Stamped,41.91 x 52.07,1881,Oil / Canvas,163,Sotheby's New York,"05/04/2011
                ",not sold,52.07,41.91
LA SEINE À ARGENTEUIL,6242500,6000000,8000000,Signed and Dated,60.02 x 72.72,1977,Oil / Canvas,32,Sotheby's New York,"05/03/2011
                ",sold,72.72,60.02
La berge du Petit-Gennevilliers,6019960,4832400,8054000,Signed Lower Right,61.40 x 80.50,1875,Oil / Canvas,13,"Christie's London, King Street","02/09/2011
                ",sold,80.5,61.4
"Argenteuil, fin d'apres-midi",5482820,5642000,7254000,Signed Lower Right,60.00 x 81.00,1872,Oil / Canvas,15,"Sotheby's London, New Bond Street","02/08/2011
                ",sold,81.0,60.0
Nympheas,30780,23990,26650,Unavailable,24.90 x 77.20,nogiven,Oil / Canvas,16,"Dorotheum, Vienna","12/16/2010
                ",sold,77.2,24.9
Bateaux et jetée,25290,7830,10440,Signed Lower Left,23.00 x 31.00,1857,Ink / Paper,10,Christie's Paris,"12/02/2010
                ",sold,31.0,23.0
La Mare,95300,104440,156660,Signed Initials,25.00 x 35.00,nogiven,Pastel / Paper,11,Christie's Paris,"12/02/2010
                ",sold,35.0,25.0
Enfant au canot,35770,15670,23500,Signed and Dated,22.90 x 30.60,1857,Pencil  and chalk / Paper,15,Christie's Paris,"12/02/2010
                ",sold,30.6,22.9
Deux canots échoués,37340,13060,19580,Signed,23.00 x 31.00,nogiven,Pencil  and chalk / Paper,16,Christie's Paris,"12/02/2010
                ",sold,31.0,23.0
Fragment,56810,40580,54100,Unavailable,26.50 x 46.50,nogiven,Oil / Canvas,68,        26,"11/24/2010
                ",sold,46.5,26.5
Vase de chrysanthèmes,3218500,3000000,4000000,Signed on Stretcher,95.25 x 69.85,1882,Oil / Canvas,31,"Christie's New York, Rockefeller Center","11/03/2010
                ",sold,69.85,95.25
Maison de pêcheur au Petit Ailly,2770500,2500000,3500000,Signed and Dated,64.77 x 81.28,1882,Oil / Canvas,62,"Christie's New York, Rockefeller Center","11/03/2010
                ",sold,81.28,64.77
"La rivière de l'Epte à Giverny, l'été",1874500,1000000,1500000,Signed and Dated,60.33 x 73.03,1884,Oil / Canvas,74,"Christie's New York, Rockefeller Center","11/03/2010
                ",sold,73.03,60.33
LES PATINEURS À GIVERNY,1172500,700000,1000000,Stamped,59.69 x 81.28,1899,Oil / Canvas,126,Sotheby's New York,"11/03/2010
                ",sold,81.28,59.69
"ÉTRETAT, FALAISE D'AVAL",746500,300000,400000,Signed Lower Left,22.23 x 40.01,1885,Pastel / Paper,134,Sotheby's New York,"11/03/2010
                ",sold,40.01,22.23
LE BASSIN AUX NYMPHÉAS,24722500,20000000,30000000,Stamped,97.49 x 198.45,1917-19,Oil / Canvas,13,Sotheby's New York,"11/02/2010
                ",sold,198.45,97.49
LE SAULE,6522500,4500000,6500000,Signed Lower Right,64.77 x 92.08,1885,Oil / Canvas,37,Sotheby's New York,"11/02/2010
                ",sold,92.08,64.77
ETUDE DE JONCS,2098500,1200000,1800000,Signed Lower Right,53.98 x 65.10,1876,Oil / Canvas,51,Sotheby's New York,"11/02/2010
                ",sold,65.1,53.98
Les nymphéas bleus ,55640,37100,49460,Unavailable,37.30 x 24.50,nogiven,Oil / Canvas,30,Millon & Associes,"06/28/2010
                ",sold,24.5,37.3
Nymphéas,0,44325000,59100000,Signed and Dated,90.00 x 100.00,1906,Oil / Canvas,14,"Christie's London, King Street","06/23/2010
                ",not sold,100.0,90.0
Bois d'oliviers au jardin Moreno,4859870,2955000,4432500,Signed and Dated,65.40 x 81.20,1884,Oil / Canvas,16,"Christie's London, King Street","06/23/2010
                ",sold,81.2,65.4
La route rouge près de Menton,4777130,3693750,5171250,Signed and Dated,66.10 x 82.00,1884,Oil / Canvas,19,"Christie's London, King Street","06/23/2010
                ",sold,82.0,66.1
La maison dans les roses,3205070,1477500,2216250,Stamped,92.00 x 73.00,1925,Oil / Canvas,21,"Christie's London, King Street","06/23/2010
                ",sold,73.0,92.0
Étude de bateaux sur la plage d'Étretat,1467530,1329750,1920750,Stamped,50.00 x 61.00,1885,Oil / Canvas,24,"Christie's London, King Street","06/23/2010
                ",sold,61.0,50.0
"PAYSAGE, BORD DE LA SEINE, PRÈS DE JEUFOSSE ",356450,147750,221630,Signed Lower Right,30.00 x 47.00,1880,Pastel / Paper,105,"Sotheby's London, New Bond Street","06/23/2010
                ",sold,47.0,30.0
"LA BERGE À LAVACOURT, NEIGE",2387000,2224950,2966600,Signed Lower Right,55.00 x 74.00,1879,Oil / Canvas,5,"Sotheby's London, New Bond Street","06/22/2010
                ",sold,74.0,55.0
FLEURS À VÉTHEUIL,0,5933200,8899800,Signed and Dated,60.00 x 75.00,1880,Oil / Canvas,11,"Sotheby's London, New Bond Street","06/22/2010
                ",not sold,75.0,60.0
Tempête sur les Côtes de Belle-Île,1504840,1327800,0,Signed,61.00 x 74.00,1886,Oil / Canvas,82,Galerie Kornfeld and Cie,"06/17/2010-06/18/2010
                ",sold,74.0,61.0
Chemin dans le brouillard,1062240,1150760,0,Signed,59.50 x 73.00,1879,Oil / Canvas,83,Galerie Kornfeld and Cie,"06/17/2010-06/18/2010
                ",sold,73.0,59.5
"FIN D'APRÈS-MIDI, VÉTHEUIL",6242500,2800000,3500000,Signed and Dated,72.39 x 99.70,1980,Oil / Canvas,32,Sotheby's New York,"05/05/2010
                ",sold,99.7,72.39
EFFET DE PRINTEMPS À GIVERNY,15202500,10000000,15000000,Signed and Dated,59.69 x 100.97,1890,Oil / Canvas,34,Sotheby's New York,"05/05/2010
                ",sold,100.97,59.69
PÉNICHES À ASNIÈRES,2434500,1500000,2000000,Signed Lower Right,54.94 x 73.99,1873,Oil / Canvas,40,Sotheby's New York,"05/05/2010
                ",sold,73.99,54.94
Effet de neige à Limetz,2658500,2500000,3500000,Signed Lower Left,64.77 x 81.28,1886,Oil / Canvas,61,"Christie's New York, Rockefeller Center","05/04/2010
                ",sold,81.28,64.77
Les nymphéas ,0,6730,10760,Unavailable,20.50 x 8.00,nogiven,Oil / Canvas,34,Millon & Associes,"03/31/2010
                ",not sold,8.0,20.5
Les nymphéas ,10760,10760,13450,Unavailable,17.00 x 9.00,nogiven,Oil / Canvas,35,Millon & Associes,"03/31/2010
                ",sold,9.0,17.0
Les nymphéas ,0,6730,10760,Unavailable,35.00 x 35.00,nogiven,Oil / Canvas,36,Millon & Associes,"03/31/2010
                ",not sold,35.0,35.0
Les nymphéas ,67270,26910,40360,Unavailable,25.50 x 17.50,nogiven,Oil / Canvas,37,Millon & Associes,"03/31/2010
                ",sold,17.5,25.5
Les nymphéas ,0,26910,40360,Unavailable,77.50 x 23.50,nogiven,Oil / Canvas,38,Millon & Associes,"03/31/2010
                ",not sold,23.5,77.5
Les nymphéas ,25560,20180,26910,Unavailable,35.50 x 30.50,nogiven,Oil / Canvas,39,Millon & Associes,"03/31/2010
                ",sold,30.5,35.5
Les nymphéas ,49780,40360,53810,Unavailable,58.00 x 33.00,nogiven,Oil / Canvas,40,Millon & Associes,"03/31/2010
                ",sold,33.0,58.0
"Dans la prairie, Vétheuil, 1881",426230,204740,272980,Stamped,42.00 x 52.00,1881,Oil / Canvas,90,Piasa,"03/19/2010
                ",sold,52.0,42.0
"Étude de Joncs, Argenteuil, 1876",887980,682450,818940,Signed Lower Right,54.00 x 65.00,1876,Oil / Canvas,91,Piasa,"03/19/2010
                ",sold,65.0,54.0
Le village de La Roche-Blond au soleil couchant,0,1593400,2390100,Signed Lower Right,74.00 x 93.00,1889,Oil / Canvas,19,"Christie's London, King Street","02/02/2010
                ",not sold,93.0,74.0
Reflets ,72240,60200,90300,Unavailable,19.50 x 101.00,nogiven,Oil / Canvas,60,Millon & Associes,"12/02/2009
                ",sold,101.0,19.5
Les Iris I ,158030,22580,30100,Unavailable,19.00 x 13.80,nogiven,Oil / Canvas,61,Millon & Associes,"12/02/2009
                ",sold,13.8,19.0
"Nymphéas, ",37630,30100,45150,Unavailable,28.50 x 42.50,nogiven,Oil / Canvas,62,Millon & Associes,"12/02/2009
                ",sold,42.5,28.5
Les herbes aquatiques,43650,37630,52680,Unavailable,19.50 x 40.00,nogiven,Oil / Canvas,63,Millon & Associes,"12/02/2009
                ",sold,40.0,19.5
Nymphéas ,13550,15050,22580,Unavailable,19.00 x 25.00,nogiven,Oil / Canvas,64,Millon & Associes,"12/02/2009
                ",sold,25.0,19.0
Les Iris III,30100,12040,18060,Unavailable,17.50 x 13.50,nogiven,Oil / Canvas,65,Millon & Associes,"12/02/2009
                ",sold,13.5,17.5
Les Iris II,49670,12040,18060,Unavailable,11.50 x 19.50,nogiven,Oil / Canvas,66,Millon & Associes,"12/02/2009
                ",sold,19.5,11.5
Les nymphéas ,218230,60200,90300,Unavailable,60.50 x 26.50,nogiven,Oil / Canvas,67,Millon & Associes,"12/02/2009
                ",sold,26.5,60.5
Les nymphéas ,12040,12040,18060,Unavailable,44.00 x 58.00,nogiven,Oil / Canvas,67B,Millon & Associes,"12/02/2009
                ",sold,58.0,44.0
Nymphéas,0,179390,219250,Unavailable,68.00 x 47.00,1920,Oil / Canvas,3242,"Galerie Koller, AG, Zurich","12/01/2009-12/05/2009
                ",not sold,47.0,68.0
CLÉMATITES,0,2500000,3500000,Stamped,66.04 x 100.97,1887,Oil / Canvas,44,Sotheby's New York,"11/04/2009
                ",not sold,100.97,66.04
CHARING CROSS BRIDGE,1874500,900000,1200000,Unavailable,64.77 x 80.98,1899-1901,Oil / Canvas,60,Sotheby's New York,"11/04/2009
                ",sold,80.98,64.77
"LA CHAPELLE DE NOTRE-DAME-DE-GRÂCE, HONFLEUR",842500,400000,600000,Signed,52.07 x 68.28,1864,Oil / Canvas,64,Sotheby's New York,"11/04/2009
                ",sold,68.28,52.07
"Vétheuil, effet de soleil",5458500,5000000,7000000,Signed and Dated,81.92 x 93.04,1901,Oil / Canvas,19,"Christie's New York, Rockefeller Center","11/03/2009
                ",sold,93.04,81.92
ROUTE DE GIVERNY EN HIVER,6286980,4899900,6533200,Signed and Dated,65.50 x 81.00,1885,Oil / Canvas,11,"Sotheby's London, New Bond Street","06/24/2009
                ",sold,81.0,65.5
Au Parc Monceau,10370780,5749450,7392150,Signed and Dated,65.30 x 54.20,1878,Oil / Canvas,6,"Christie's London, King Street","06/23/2009
                ",sold,54.2,65.3
"Nymphéas, c. 1917/18",0,503720,571790,Unavailable,27.30 x 52.00,1917-1918,Oil / Canvas,5,"Dorotheum, Vienna","05/12/2009
                ",not sold,52.0,27.3
L'église de Vétheuil,722500,400000,600000,Stamped,47.63 x 73.03,1881,Oil / Canvas,223,"Christie's New York, Rockefeller Center","05/07/2009
                ",sold,73.03,47.63
"VOILIER SUR LE PETIT BRAS DE LA SEINE, ARGENTEUIL",3498500,1200000,1800000,Signed and Dated,51.13 x 63.50,1872,Oil / Canvas,18,Sotheby's New York,"05/05/2009
                ",sold,63.5,51.13
La Promenade d'Argenteuil,0,4993800,7134000,Signed Lower Left,55.00 x 73.50,1872,Oil / Canvas,17,"Christie's London, King Street","02/04/2009
                ",not sold,73.5,55.0
Dans la prairie,16039020,0,0,Signed and Dated,60.30 x 82.00,1876,Oil / Canvas,19,"Christie's London, King Street","02/04/2009
                ",sold,82.0,60.3
LES TILLEULS A POISSY,1650500,1800000,2000000,Stamped,80.65 x 65.10,1882,Oil / Canvas,24,"Christie's New York, Rockefeller Center","11/06/2008
                ",sold,65.1,80.65
LA SEINE A LAVACOURT,0,1800000,2500000,Signed Lower Right,54.31 x 73.36,1879,Oil / Canvas,28,"Christie's New York, Rockefeller Center","11/06/2008
                ",not sold,73.36,54.31
VETHEUIL AU SOLEIL,0,5500000,7000000,Signed Lower Right,60.66 x 99.70,1880,Oil / Canvas,30,"Christie's New York, Rockefeller Center","11/06/2008
                ",not sold,99.7,60.66
STRADA ROMANA A BORDIGHERA,2882500,3500000,4500000,Signed Lower Right,64.77 x 81.28,1884,Oil / Canvas,35,"Christie's New York, Rockefeller Center","11/06/2008
                ",sold,81.28,64.77
"UN CHÊNE AU BAS-BRÉAU, LE BODMER",2042500,2000000,3000000,Signed Lower Right,54.31 x 40.97,1865,Oil / Canvas,10,Sotheby's New York,"11/03/2008
                ",sold,40.97,54.31
PAYSAGE À PORT-VILLEZ,3442500,3500000,5000000,Signed and Dated,66.04 x 92.08,1885,Oil / Canvas,11,Sotheby's New York,"11/03/2008
                ",sold,92.08,66.04
PRINTEMPS À VÉTHEUIL,1314500,1500000,2000000,Signed and Dated,59.69 x 80.98,1881,Oil / Canvas,19,Sotheby's New York,"11/03/2008
                ",sold,80.98,59.69
LA CATHÉDRALE DANS LE BROUILLARD,0,16000000,22000000,Signed and Dated,106.05 x 73.03,1893,Oil / Canvas,54,Sotheby's New York,"11/03/2008
                ",not sold,73.03,106.05
"BORDS DE LA MÉDITERRANÉE, TEMPS GRIS",3386500,3500000,5000000,Signed and Dated,73.03 x 92.08,1888,Oil / Canvas,59,Sotheby's New York,"11/03/2008
                ",sold,92.08,73.03
"L'HIVER, PRÈS DE LAVACOURT",1174320,946080,1419120,Unavailable,55.50 x 72.50,1880,Oil / Canvas,16,Sotheby's Paris,"07/02/2008-07/03/2008
                ",sold,72.5,55.5
PÊCHES,522700,295590,394120,Unavailable,16.00 x 40.00,1882,Oil / Canvas,310,"Sotheby's London, New Bond Street","06/26/2008
                ",sold,40.0,16.0
ANÉMONES,286230,236470,354710,Unavailable,16.00 x 40.00,1885,Oil / Canvas,311,"Sotheby's London, New Bond Street","06/26/2008
                ",sold,40.0,16.0
LA PLAGE À TROUVILLE,15061050,13768300,19669000,Signed Lower Left,48.00 x 73.50,1870,Oil / Canvas,10,"Sotheby's London, New Bond Street","06/25/2008
                ",sold,73.5,48.0
Le Bassin Aux Nymphéas ,80549390,35431200,47241600,Signed and Dated,100.40 x 201.00,1919,Oil / Canvas,16,"Christie's London, King Street","06/24/2008
                ",sold,201.0,100.4
Les sapins à Varengeville,6254100,2952600,3936800,Signed and Dated,60.00 x 73.50,1882,Oil / Canvas,37,"Christie's London, King Street","06/24/2008
                ",sold,73.5,60.0
Coucher de soleil à Lavacourt,4710870,2952600,4921000,Signed and Dated,54.10 x 81.00,1880,Oil / Canvas,55,"Christie's London, King Street","06/24/2008
                ",sold,81.0,54.1
Voilier échoué sur la Grève près de Saint-Adresse,134180,71880,0,Unavailable,20.60 x 31.40,1870,coal / Paper,24,Galerie Kornfeld and Cie,"06/06/2008
                ",sold,31.4,20.6
Waterloo Bridge,575040,287520,0,Signed,29.00 x 46.00,1901,Pastel / Paper,93,Galerie Kornfeld and Cie,"06/06/2008
                ",sold,46.0,29.0
PAYSAGE,193000,100000,150000,Unavailable,21.59 x 27.64,nogiven,Pastel / Paper,149,Sotheby's New York,"05/08/2008
                ",sold,27.64,21.59
LA VALLEE DE LA CREUSE A FRESSELINES,1721000,1000000,1500000,Signed Lower Left,80.98 x 65.10,1889,Oil / Canvas,7,Sotheby's New York,"05/07/2008
                ",sold,65.1,80.98
PRES DE VETHEUIL,0,1000000,1500000,Stamped,65.10 x 80.98,1881,Oil / Canvas,14,"Christie's New York, Rockefeller Center","05/06/2008
                ",not sold,80.98,65.1
LE RIO DE LA SALUTE,0,8000000,12000000,Signed Lower Left,80.98 x 64.77,1908,Oil / Canvas,17,"Christie's New York, Rockefeller Center","05/06/2008
                ",not sold,64.77,80.98
LE PONT DU CHEMIN DE FER A ARGENTEUIL,41481000,0,0,Signed Lower Left,60.02 x 98.30,1873,Oil / Canvas,21,"Christie's New York, Rockefeller Center","05/06/2008
                ",sold,98.3,60.02
NYMPHEAS,11689000,10000000,15000000,Signed Lower Left,91.44 x 93.98,1908,Oil / Canvas,46,"Christie's New York, Rockefeller Center","05/06/2008
                ",sold,93.98,91.44
"LE BINNEN-AMSTEL, AMSTERDAM",878860,551630,689540,Signed Lower Left,56.30 x 74.00,1874,Oil / Canvas,428,"Sotheby's London, New Bond Street","02/06/2008
                ",sold,74.0,56.3
LA ROUTE DE LA FERME SAINT-SIMÉON EN HIVER,8430260,5913900,7885200,Signed Lower Left,49.00 x 65.00,1867,Oil / Canvas,36,"Sotheby's London, New Bond Street","02/05/2008
                ",sold,65.0,49.0
LE JARDIN DE VÉTHEUIL,0,4731120,6702420,Signed Lower Left,60.00 x 74.00,1881,Oil / Canvas,69,"Sotheby's London, New Bond Street","02/05/2008
                ",not sold,74.0,60.0
Allée de sapins à Varengeville,2902360,1965700,2948550,Signed and Dated,73.00 x 60.00,1882,Oil / Canvas,12,"Christie's London, King Street","02/04/2008
                ",sold,60.0,73.0
L'Yerres près de Montgeron,2902360,2358840,3538260,Signed and Dated,59.50 x 81.00,1876,Oil / Canvas,71,"Christie's London, King Street","02/04/2008
                ",sold,81.0,59.5
Pourville,1801560,1572560,2358840,Signed on Reverse,54.50 x 66.00,1882,Oil / Canvas,76,"Christie's London, King Street","02/04/2008
                ",sold,66.0,54.5
L'ami Dermit,31110,14640,21960,Signed and Dated,57.50 x 39.50,1859,Mixed Media / Paper,44,Christie's Paris,"12/03/2007
                ",sold,39.5,57.5
Les Nympheas,1777000,600000,800000,Signed Lower Right,64.77 x 53.85,1918,Oil / Canvas,144,Sotheby's New York,"11/08/2007
                ",sold,53.85,64.77
Le Palais Dario,10401000,8000000,12000000,Signed Lower Left,81.28 x 66.04,1908,Oil / Canvas,13,Sotheby's New York,"11/07/2007
                ",sold,66.04,81.28
La Seine Au Petit-Gennevilliers,1721000,1500000,2000000,Signed Lower Right,47.96 x 63.20,1872,Oil / Canvas,17,Sotheby's New York,"11/07/2007
                ",sold,63.2,47.96
La Mer Vue Des Falaises,1553000,1500000,2000000,Signed Lower Left,60.02 x 72.90,1881,Oil / Canvas,68,Sotheby's New York,"11/07/2007
                ",sold,72.9,60.02
"Aiguille D'Etretat, Maree Basse",0,1800000,2200000,Signed Lower Left,59.69 x 81.28,1883,Oil / Canvas,73,Sotheby's New York,"11/07/2007
                ",not sold,81.28,59.69
Val de Falaise,847400,800000,1200000,Stamped,73.36 x 73.36,nogiven,Oil / Canvas,372,"Christie's New York, Rockefeller Center","11/07/2007
                ",sold,73.36,73.36
Chrysanthemes,3177000,1800000,2500000,Signed Lower Left,130.05 x 88.60,1897,Oil / Canvas,8,"Christie's New York, Rockefeller Center","11/06/2007
                ",sold,88.6,130.05
Falaise a Pourville,1833000,1200000,1600000,Signed Lower Left,65.74 x 100.66,1896,Oil / Canvas,9,"Christie's New York, Rockefeller Center","11/06/2007
                ",sold,100.66,65.74
"Pins, cap d'Antibes",6313000,4000000,6000000,Signed Lower Left,73.66 x 92.41,1888,Oil / Canvas,14,"Christie's New York, Rockefeller Center","11/06/2007
                ",sold,92.41,73.66
Route de Monte-Cario,4745000,4000000,6000000,Signed Lower Left,65.74 x 80.52,1883,Oil / Canvas,34,"Christie's New York, Rockefeller Center","11/06/2007
                ",sold,80.52,65.74
"A travers les arbres, Ile de la Grande Jatte",3625000,3500000,4500000,Signed Lower Left,53.67 x 65.10,1878,Oil / Canvas,38,"Christie's New York, Rockefeller Center","11/06/2007
                ",sold,65.1,53.67
Vallee de Sasso,2505000,2500000,3500000,Signed Lower Left,65.28 x 80.98,1884,Oil / Canvas,81,"Christie's New York, Rockefeller Center","11/06/2007
                ",sold,80.98,65.28
Le fleuve aux saules,2505000,1500000,2500000,Signed Lower Left,72.39 x 60.66,1876,Oil / Canvas,87,"Christie's New York, Rockefeller Center","11/06/2007
                ",sold,60.66,72.39
IRIS JAUNES,4622010,1428600,2142900,Unavailable,150.00 x 130.00,1924-1925,Oil / Canvas,42,Artcurial,"10/20/2007
                ",sold,130.0,150.0
PAYSAGE,119140,99290,139000,Unavailable,21.59 x 27.64,nogiven,Pastel / Paper,109,"Sotheby's London, New Bond Street","06/20/2007
                ",sold,27.64,21.59
NYMPHÉAS,36659600,19816000,29724000,Signed Lower Right,81.00 x 100.00,1904,Oil / Canvas,7,"Sotheby's London, New Bond Street","06/19/2007
                ",sold,100.0,81.0
CAMILLE À L'OMBRELLE VERTE,8251380,4954000,6935600,Signed Lower Left,81.00 x 60.00,1876,Oil / Canvas,11,"Sotheby's London, New Bond Street","06/19/2007
                ",sold,60.0,81.0
"Les arceaux de roses, Giverny ",17750770,17790300,23720400,Signed Lower Left,81.53 x 93.98,1913,Oil / Canvas,11,"Christie's London, King Street","06/18/2007
                ",sold,93.98,81.53
"Waterloo Bridge, temps couvert",35462000,11860200,15813600,Signed Lower Right,64.77 x 99.31,1904,Oil / Canvas,14,"Christie's London, King Street","06/18/2007
                ",sold,99.31,64.77
Vue de Vétheuil,814400,988350,1383690,Signed Lower Right,50.04 x 74.93,1880,Oil / Canvas,36,"Christie's London, King Street","06/18/2007
                ",sold,74.93,50.04
Berge de la Seine à Lavacourt,3736000,1500000,2000000,Signed Lower Right,50.80 x 64.77,1878,Oil / Canvas,3,"Christie's New York, Rockefeller Center","05/09/2007
                ",sold,64.77,50.8
Coucher de soleil à Giverny,2112000,1500000,2000000,Signed Lower Left,65.41 x 80.65,1886,Oil / Canvas,15,"Christie's New York, Rockefeller Center","05/09/2007
                ",sold,80.65,65.41
Le parc Monceau,3848000,1800000,2400000,Signed Lower Left,53.98 x 65.10,1878,Oil / Canvas,18,"Christie's New York, Rockefeller Center","05/09/2007
                ",sold,65.1,53.98
La porte du jardin à Vétheuil,2728000,2500000,3500000,Signed Lower Right,60.33 x 73.03,1881,Oil / Canvas,19,"Christie's New York, Rockefeller Center","05/09/2007
                ",sold,73.03,60.33
Bords De La Seine A Port-Villez,4688000,2500000,3500000,Signed Lower Left,66.04 x 81.61,1885,Oil / Canvas,3,Sotheby's New York,"05/08/2007
                ",sold,81.61,66.04
"Riviere De Pourville, Maree Basse",2392000,1000000,1500000,Signed Lower Left,64.77 x 85.09,1882,Oil / Canvas,6,Sotheby's New York,"05/08/2007
                ",sold,85.09,64.77
Rue de village,62400,15000,20000,Signed,19.69 x 14.30,nogiven,Gouache / Paper,26,"Christie's New York, Rockefeller Center","02/14/2007
                ",sold,14.3,19.69
Effet de Brouillard,809290,589290,785720,Signed Lower Left,48.26 x 75.26,1872,Oil / Canvas,226,"Christie's London, King Street","02/07/2007
                ",sold,75.26,48.26
Portrait de Jeanne Serveau,0,431710,549440,Signed Lower Right,116.84 x 96.52,1880,Oil / Canvas,16,"Christie's London, King Street","02/06/2007
                ",not sold,96.52,116.84
"Maison Du Jardinier or Bordighera, La Méditerranée",7968660,4916500,6883100,Signed,60.02 x 73.03,1884,Oil / Canvas,27,"Sotheby's London, New Bond Street","02/05/2007
                ",sold,73.03,60.02
La Route Rouge Prés De Menton,0,2949900,4916500,Signed Lower Right,66.04 x 80.98,1884,Oil / Canvas,32,"Sotheby's London, New Bond Street","02/05/2007
                ",not sold,80.98,66.04
Belle-Ile,832270,786640,1179960,Signed Lower Right,60.02 x 60.02,1886,Oil / Canvas,42,"Sotheby's London, New Bond Street","02/05/2007
                ",sold,60.02,60.02
Chrysanthèmes,4444520,3933200,5899800,Signed,53.34 x 61.60,1878,Oil / Canvas,46,"Sotheby's London, New Bond Street","02/05/2007
                ",sold,61.6,53.34
"Bords de la Seine, un Coin de Berge",3343220,2949900,3933200,Signed Lower Right,80.98 x 60.02,1881,Oil / Canvas,47,"Sotheby's London, New Bond Street","02/05/2007
                ",sold,60.02,80.98
L'Église de Vétheuil,1801410,1474950,1966600,Signed Lower Right,60.02 x 79.38,1878,Oil / Canvas,52,"Sotheby's London, New Bond Street","02/05/2007
                ",sold,79.38,60.02
Iris jaune,408000,250000,350000,Stamped,60.96 x 45.72,1917,Oil / Canvas,372,"Christie's New York, Rockefeller Center","11/09/2006
                ",sold,45.72,60.96
Vase de chrysanthèmes,2704000,1200000,1600000,Signed Lower Right,51.82 x 37.47,Paintei1882-188,Oil / Canvas,15,"Christie's New York, Rockefeller Center","11/08/2006
                ",sold,37.47,51.82
La falaise d'Amont,1360000,1500000,2000000,Signed Lower Right,60.96 x 73.66,1885,Oil / Canvas,34,"Christie's New York, Rockefeller Center","11/08/2006
                ",sold,73.66,60.96
VASE DE TULIPES,1248000,800000,1200000,Signed Lower Right,50.17 x 37.47,1885,Oil / Canvas,8,Sotheby's New York,"11/07/2006
                ",sold,37.47,50.17
LA PLAGE À TROUVILLE,0,16500000,20000000,Signed Lower Left,47.96 x 73.66,1870,Oil / Canvas,9,Sotheby's New York,"11/07/2006
                ",not sold,73.66,47.96
"AU VAL SAINT-NICOLAS PRÈS DIEPPE, MATIN",2704000,700000,1000000,Signed Lower Right,65.74 x 100.33,1897,Oil / Canvas,17,Sotheby's New York,"11/07/2006
                ",sold,100.33,65.74
Pêches,1179000,480570,640760,Signed Lower Left,51.30 x 37.40,1883,Oil / Canvas,102,"Christie's London, King Street","06/20/2006
                ",sold,37.4,51.3
"Oliviers et palmiers, vallée de Sasso",1663410,961140,1281520,Signed and Dated,65.40 x 81.60,1884,Oil / Canvas,105,"Christie's London, King Street","06/20/2006
                ",sold,81.6,65.4
"Glaçons, environs de Bennecourt",1771060,1281520,1922280,Signed and Dated,40.50 x 54.00,1893,Oil / Canvas,109,"Christie's London, King Street","06/20/2006
                ",sold,54.0,40.5
"SANDVIKEN, NORVÈGE, EFFET DE NEIGE",2088150,1388400,1851200,Signed Lower Left,73.00 x 92.00,1895,Oil / Canvas,11,"Sotheby's London, New Bond Street","06/19/2006
                ",sold,92.0,73.0
"L'ARBRE EN BOULE, ARGENTEUIL",4161500,2776800,3702400,Signed Lower Left,60.00 x 80.00,1876,Oil / Canvas,22,"Sotheby's London, New Bond Street","06/19/2006
                ",sold,80.0,60.0
Azalees Blanches En Pot,1920000,800000,1200000,Signed Lower Right,30.99 x 38.10,1885,Oil / Canvas,2,Sotheby's New York,"05/03/2006
                ",sold,38.1,30.99
Pres Monte-Carlo,5056000,2000000,3000000,Signed Lower Left,65.74 x 81.79,1883,Oil / Canvas,3,Sotheby's New York,"05/03/2006
                ",sold,81.79,65.74
Le Village De La Roche-Blond Au Soleil Couchant,912000,800000,1200000,Signed Lower Right,73.99 x 93.04,1889,Oil / Canvas,11,Sotheby's New York,"05/03/2006
                ",sold,93.04,73.99
"Nymphéas, temps gris",11216000,10000000,15000000,Signed and Dated,100.03 x 73.03,1907,Oil / Canvas,11,"Christie's New York, Rockefeller Center","05/02/2006
                ",sold,73.03,100.03
L'ESTUAIRE DE LA SEINE,248830,209690,314530,Signed Lower Left,23.70 x 36.20,nogiven,Pastel / Paper,107,"Sotheby's London, New Bond Street","02/08/2006
                ",sold,36.2,23.7
PHILIBERT AUDEBRAND,15730,12230,15730,Unavailable,31.50 x 21.50,nogiven,Pencil / Paper,114,"Sotheby's London, New Bond Street","02/08/2006
                ",sold,21.5,31.5
FRÉDÉRIC THOMAS,22020,12230,15730,Inscribed,34.00 x 25.00,nogiven,Mixed Media / Paper,116,"Sotheby's London, New Bond Street","02/08/2006
                ",sold,25.0,34.0
WATERLOO BRIDGE,0,4391750,6148450,Signed Lower Left,65.00 x 100.00,nogiven,Oil / Canvas,45,"Sotheby's London, New Bond Street","02/07/2006
                ",not sold,100.0,65.0
La Seine à Vétheuil,4401220,2448750,3265000,Signed and Dated,73.70 x 100.50,1881,Oil / Canvas,57,"Christie's London, King Street","02/06/2006
                ",sold,100.5,73.7
La Plaine de Gennevilliers,744420,408130,571380,Signed Lower Right,50.00 x 61.00,1877,Oil / Canvas,75,"Christie's London, King Street","02/06/2006
                ",sold,61.0,50.0
La Seine et les côteaux de Chantemesle,927260,489750,653000,Stamped,54.00 x 81.00,1880,Oil / Canvas,77,"Christie's London, King Street","02/06/2006
                ",sold,81.0,54.0
LE PONT JAPONAIS,5168000,1500000,2000000,Unsigned,88.90 x 116.21,nogiven,Oil / Canvas,10,Sotheby's New York,"11/02/2005
                ",sold,116.21,88.9
LE GRAND CANAL,12896000,12000000,16000000,Signed and Dated,73.03 x 92.08,1908,Oil / Canvas,12,Sotheby's New York,"11/02/2005
                ",sold,92.08,73.03
"LE FJORD, PRÈS CHRISTIANIA",1360000,800000,1200000,Signed and Dated,65.41 x 100.33,1895,Oil / Canvas,47,Sotheby's New York,"11/02/2005
                ",sold,100.33,65.41
LE PETIT BRAS DE LA SEINE À ARGENTEUIL,1472000,1200000,1800000,Signed Lower Right,54.94 x 73.66,1876,Oil / Canvas,54,Sotheby's New York,"11/02/2005
                ",sold,73.66,54.94
"LES MAISONS DANS LA NEIGE, NORVÈGE",1416000,600000,800000,Signed and Dated,66.04 x 92.71,1895,Oil / Canvas,57,Sotheby's New York,"11/02/2005
                ",sold,92.71,66.04
Le panier de pommes,2928000,900000,1400000,Signed and Dated,64.77 x 81.28,1880,Oil / Canvas,1,"Christie's New York, Rockefeller Center","11/01/2005
                ",sold,81.28,64.77
Nymphéas,14016000,10000000,15000000,Signed and Dated,100.33 x 100.33,1907,Oil / Canvas,22,"Christie's New York, Rockefeller Center","11/01/2005
                ",sold,100.33,100.33
"Aiguille d'Etretat, marée basse",1920000,700000,1000000,Signed and Dated,60.33 x 80.98,1883,Oil / Canvas,58,"Christie's New York, Rockefeller Center","11/01/2005
                ",sold,80.98,60.33
Prunes et abricots,363050,223920,298560,Signed Lower Left,18.40 x 38.70,1882-85,Oil / Canvas,119,"Christie's London, King Street","06/22/2005
                ",sold,38.7,18.4
"WATERLOO BRIDGE, BROUILLARD",0,118510,154970,Unavailable,31.50 x 47.30,1901,Pastel / Paper,115,"Sotheby's London, New Bond Street","06/21/2005
                ",not sold,47.3,31.5
LES PEUPLIERS,0,915000,1281000,Stamped,65.00 x 81.00,1890,Oil / Canvas,10,"Sotheby's London, New Bond Street","06/20/2005
                ",not sold,81.0,65.0
"La Seine près de Vétheuil, temps orageux",1113600,800000,1000000,Signed and Dated,60.33 x 100.33,1878,Oil / Canvas,14,"Christie's New York, Rockefeller Center","05/04/2005
                ",sold,100.33,60.33
Le Givre,3040000,1500000,2000000,Signed Lower Right,49.86 x 60.96,1875,Oil / Canvas,17,"Christie's New York, Rockefeller Center","05/04/2005
                ",sold,60.96,49.86
"Vétheuil, après-midi",6624000,7000000,10000000,Signed and Dated,88.90 x 91.77,1901,Oil / Canvas,18,"Christie's New York, Rockefeller Center","05/04/2005
                ",sold,91.77,88.9
"Bouquet de glaïeuls, lis et marguerites",2704000,2500000,3500000,Signed and Dated,82.88 x 62.23,1878,Oil / Canvas,20,"Christie's New York, Rockefeller Center","05/04/2005
                ",sold,62.23,82.88
Bords de la Seine en automne,1808000,700000,1000000,Signed Lower Right,54.94 x 73.66,1876,Oil / Canvas,25,"Christie's New York, Rockefeller Center","05/04/2005
                ",sold,73.66,54.94
"Leicester Square, la nuit",800000,700000,900000,Stamped,80.01 x 64.14,1900-01,Oil / Canvas,58,"Christie's New York, Rockefeller Center","05/04/2005
                ",sold,64.14,80.01
LES BORDS DE LA SEINE A ARGENTEUIL,4832000,4000000,6000000,Signed Lower Left,55.25 x 73.66,1872,Oil / Canvas,5,Sotheby's New York,"05/03/2005
                ",sold,73.66,55.25
"LA MANNEPORTE, MAREE HAUTE",2592000,900000,1200000,Signed and Dated,66.04 x 81.92,1885,Oil / Canvas,6,Sotheby's New York,"05/03/2005
                ",sold,81.92,66.04
"EGLISE DE VARENGEVILLE, EFFET MATINAL",1024000,1000000,1500000,Signed Lower Left,60.33 x 73.03,1882,Oil / Canvas,43,Sotheby's New York,"05/03/2005
                ",sold,73.03,60.33
"LA SEINE À PORT-VILLEZ, TEMPS CLAIR",638090,370980,556470,Stamped,60.20 x 81.40,1894,Oil / Canvas,419,"Sotheby's London, New Bond Street","02/09/2005
                ",sold,81.4,60.2
VAL DE FALAISE EN HIVER,742960,742960,1114440,Signed and Dated,63.50 x 79.00,1885,Oil / Canvas,34,"Sotheby's London, New Bond Street","02/08/2005
                ",sold,79.0,63.5
Hameau de falaise près Giverny,593010,522480,671760,Signed and Dated,60.70 x 81.30,1885,Oil / Canvas,117,"Christie's London, King Street","06/23/2004
                ",sold,81.3,60.7
Plage de Juan-les-Pins,3936890,2687040,3582720,Signed and Dated,73.00 x 92.00,1888,Oil / Canvas,12,"Christie's London, King Street","06/22/2004
                ",sold,92.0,73.0
La route de Giverny,643170,447840,597120,Signed Lower Left,65.00 x 80.00,nogiven,Oil / Canvas,23,"Christie's London, King Street","06/22/2004
                ",sold,80.0,65.0
BATEAUX SUR LE GALET,4488000,2500000,3500000,Signed and Dated,28.75 x 36.25,1884,Oil / Canvas,9,Sotheby's New York,"05/05/2004
                ",sold,36.25,28.75
Waterloo bridge,69460,0,115770,Unavailable,31.00 x 47.00,1901,Pastel / Paper,414,"Christie's London, King Street","02/06/2003
                ",sold,47.0,31.0
L'aiguille vue a travers la porte d'amont,264620,330780,496170,Signed,66.00 x 38.00,1885,Oil / Panel,123,"Sotheby's London, New Bond Street","06/25/2002
                ",sold,38.0,66.0
"Le pont de Waterloo, Londres",421740,165390,248090,Signed,31.00 x 48.00,1899,Pastel / Paper,25,"Christie's London, King Street","04/09/2002
                ",sold,48.0,31.0
"Etretat, le Cap d'Antifer",85000,60000,80000,Signed,27.00 x 35.00,nogiven,Pastel / Paper on board,405,"Christie's New York, Rockefeller Center","11/07/2001
                ",sold,35.0,27.0
"Chemin creux, Pourville",50000,40000,60000,Signed,21.00 x 32.00,nogiven,Pastel / Paper on board,408,"Christie's New York, Rockefeller Center","11/07/2001
                ",sold,32.0,21.0
"Chaloupe, picteux, remorqueur et caique. Deux bateaux a voile. Plattes, canot, sloop, brick",38040,19850,23150,Unavailable,23.00 x 31.00,1857,Pencil / Paper,403,"Christie's London, King Street","06/28/2001
                ",sold,31.0,23.0
Falaise a Ste.Adresse. Allee forestiere a Gournay,102540,19850,23150,Inscribed,23.00 x 31.00,1857,Pencil / Paper,404,"Christie's London, King Street","06/28/2001
                ",sold,31.0,23.0
Ecossais a la pipe,19850,19850,23150,Unavailable,48.00 x 29.00,1857,Pastel / Paper,407,"Christie's London, King Street","06/28/2001
                ",sold,29.0,48.0
Jeune homme a la chavalure romantique,29770,19850,23150,Signed,48.00 x 29.00,1857,Pencil / Paper,408,"Christie's London, King Street","06/28/2001
                ",sold,29.0,48.0
Baigneur au chapeau,15710,9920,13230,Unavailable,31.00 x 23.00,1857,Pencil / Card,410,"Christie's London, King Street","06/28/2001
                ",sold,23.0,31.0
"Honfleur, la greve en aval",62850,41350,57890,Unavailable,32.00 x 49.00,nogiven,Charcoal,419,"Christie's London, King Street","02/08/2001
                ",sold,49.0,32.0
"Meule, soleil couchant",215010,115770,165390,Signed,12.00 x 19.00,1909,Paper / Paper on board,117,"Sotheby's London, New Bond Street","02/06/2001
                ",sold,19.0,12.0
Voiliers,1106000,1000000,1500000,Signed Lower Right,44.15 x 66.04,1870,Oil / Canvas,13,"Christie's New York, Rockefeller Center","11/08/2000
                ",sold,66.04,44.15
Iris,1656000,600000,800000,Stamped,120.65 x 100.33,1914-1917,Oil / Canvas,26,"Christie's New York, Rockefeller Center","11/08/2000
                ",sold,100.33,120.65
Bennecourt,1216000,1400000,1800000,Signed Lower Right,74.30 x 74.30,1885,Oil / Canvas,29,"Christie's New York, Rockefeller Center","11/08/2000
                ",sold,74.3,74.3
"Mont Kolsaas, temps brumeux",941000,800000,1000000,Signed and Dated,65.41 x 100.97,1895,Oil / Canvas,35,"Christie's New York, Rockefeller Center","11/08/2000
                ",sold,100.97,65.41
Arbres fruitiers,220000,75000,95000,Unavailable,22.86 x 27.94,nogiven,Pastel / Paper,113,        26,"05/11/2000
                ",sold,27.94,22.86
La cabane de douaniers pres de Pourville,180000,200000,300000,Signed,22.86 x 27.94,1890,Crayon / Paper,18,Sotheby's New York,"05/10/2000
                ",sold,27.94,22.86
Ferme Normande sous les arbres,170000,100000,150000,Signed,33.02 x 22.86,nogiven,Pastel / Paper,316,"Christie's New York, Rockefeller Center","05/09/2000
                ",sold,22.86,33.02
Etude de Pourville,23150,29770,41350,Unavailable,26.00 x 39.00,1882,Charcoal,814,"Christie's London, King Street","07/01/1999
                ",sold,39.0,26.0
L'aiguille vue a travers la porte d'Amont,300000,250000,350000,Signed,66.04 x 38.10,1885,Oil / Panel,116,"Christie's New York, Rockefeller Center","05/13/1999
                ",sold,38.1,66.04
"Etretat, Falaise d'Amont, gros temps",140000,150000,200000,Signed,25.40 x 38.10,1884,Pastel / Paper,215,Sotheby's New York,"05/12/1999
                ",sold,38.1,25.4
Cabane des douaniers pres de Pourville,200000,200000,300000,Signed,22.00 x 27.00,1890,Crayon / Paper,103,Sotheby's New York,"05/11/1999
                ",sold,27.0,22.0
"AUTOMNE SUR LA SEINE, ARGENTEUIL",2862500,1200000,1600000,Signed and Dated,54.30 x 73.30,1874,Oil / Canvas,22,Sotheby's New York,"05/10/1999
                ",sold,73.3,54.3
Ecueil maritime,13550,11610,16450,Signed,20.00 x 24.00,1908,Chalk,252,"Galerie Koller, AG, Zurich","04/29/1999
                ",sold,24.0,20.0
"Meule, soleil couchant",99230,115770,165390,Signed,10.00 x 17.00,nogiven,Paper / Paper on board,106,"Sotheby's London, New Bond Street","07/01/1998
                ",sold,17.0,10.0
Vaches a l'etable,21500,16540,24810,Unavailable,24.00 x 46.00,nogiven,Crayon / Paper,206,"Christie's London, King Street","06/25/1998
                ",sold,46.0,24.0
In the open sea,165000,120000,160000,Signed,21.00 x 41.00,1866,Pastel / Paper,170,"Christie's New York, Rockefeller Center","05/06/1998
                ",sold,41.0,21.0
Garcon a la campagne,14890,13230,19850,Stamped,31.00 x 23.00,1857,Pencil / Paper,105,"Christie's London, King Street","12/03/1996
                ",sold,23.0,31.0
Vaches a l'etable,7920,0,0,Stamped,24.00 x 47.00,nogiven,Crayon / Paper,102,Dumousett-Deburaux,"10/16/1996
                ",sold,47.0,24.0
"Londres, bateaux sur la Tamise",82700,99230,132310,Stamped,30.00 x 46.00,1901,Pastel / Paper,109,"Christie's London, King Street","06/26/1996
                ",sold,46.0,30.0
"Bateau sur la Tamise, effet de brume",107500,90960,124040,Stamped,30.00 x 46.00,1901,Pastel / Paper,117,"Christie's London, King Street","06/26/1996
                ",sold,46.0,30.0
"Waterloo bridge, brouillard",74430,0,0,Unavailable,27.00 x 42.00,1901,Pastel / Paper,105,"Sotheby's London, New Bond Street","06/25/1996
                ",sold,42.0,27.0
Homme au chapeau haut de forme,4303,0,0,Unavailable,16.00 x 7.00,nogiven,Ink / Board,3,        26,"12/04/1995
                ",sold,7.0,16.0
Au bord de la mer,15710,0,0,Signed Initials,25.00 x 22.00,1886,Paper,237,"Christie's London, King Street","06/27/1995
                ",sold,22.0,25.0
"Etretat, le cap d'Antifer",60000,0,0,Signed,27.94 x 35.56,nogiven,Pastel / Paper on board,138,"Christie's New York, Rockefeller Center","11/10/1994
                ",sold,35.56,27.94
Un chasseur et son chien sur un bateau,15000,0,0,Signed,58.42 x 45.72,1858,Pastel / Paper on board,101,"Christie's New York, Rockefeller Center","05/11/1994
                ",sold,45.72,58.42
Honfleur la Greve en Aval,41350,0,0,Unavailable,32.00 x 49.00,1864,Charcoal,101,"Sotheby's London, New Bond Street","12/01/1993
                ",sold,49.0,32.0
Femme a l'ombrelle,529250,0,0,Signed,30.00 x 23.00,1890,Crayon / Paper,2,"Sotheby's London, New Bond Street","06/22/1993
                ",sold,23.0,30.0
La cabane de douaniers pres de Pourville,347320,0,0,Signed,21.00 x 27.00,1890,Crayon / Paper,4,"Sotheby's London, New Bond Street","06/22/1993
                ",sold,27.0,21.0
Soleil couchant sur la plaine,130000,0,0,Signed,20.00 x 32.00,nogiven,Pastel / Paper on board,105,"Christie's New York, Rockefeller Center","11/06/1991
                ",sold,32.0,20.0
Waterloo Bridge,300000,0,0,Signed,27.94 x 45.72,nogiven,Pastel / Paper on board,108,"Christie's New York, Rockefeller Center","05/16/1990
                ",sold,45.72,27.94
M. Changarnier,3234,0,0,Inscribed,29.00 x 21.00,nogiven,Crayon / Paper,185,Granville,"04/29/1990
                ",sold,21.0,29.0
Waterloo Bridge,448800,0,0,Stamped,37.00 x 52.00,nogiven,Pastel / Panel,77,Cornette De Saint Cyr,"12/15/1989
                ",sold,52.0,37.0
Les falaises a Sainte-Adresse,270000,0,0,Signed and Dated,27.00 x 45.00,1861,Pastel / Paper,109,Sotheby's New York,"05/10/1989
                ",sold,45.0,27.0
La Seine a Port-Villez,80000,0,0,Signed,16.00 x 23.00,nogiven,Paper / Board,263,"Finarte Semenzato, Milano","03/20/1989
                ",sold,23.0,16.0
Caricature de Xavier de Montepin,4300,0,0,Inscribed,31.00 x 21.00,nogiven,Chalk,114,"Christie's London, King Street","05/17/1988
                ",sold,21.0,31.0
Waterloo Bridge,110000,0,0,Stamped,35.56 x 50.80,nogiven,Pastel / Board,104,"Christie's New York, Rockefeller Center","05/12/1988
                ",sold,50.8,35.56
Le Pont de Waterloo,198470,0,0,Signed,31.00 x 50.00,nogiven,Pastel / Paper,306,"Christie's London, King Street","03/29/1988
                ",sold,50.0,31.0
Yport,16540,0,0,Signed and Dated,26.00 x 41.00,1861,Pastel / Board,209,"Christie's London, King Street","03/25/1986
                ",sold,41.0,26.0
Paysage,30000,0,0,Signed Initials,22.86 x 38.10,1878,Pastel / Paper on board,104,"Christie's New York, Rockefeller Center","11/13/1985
                ",sold,38.1,22.86
Portrait charge,1584,0,0,Unavailable,15.00 x 12.00,nogiven,Crayon / Paper,102 b,        26,"12/14/1984
                ",sold,12.0,15.0
Etretat. Nature morte,9920,0,0,Unavailable,31.00 x 45.00,nogiven,Pastel / Paper,301,"Sotheby's London, New Bond Street","12/07/1983
                ",sold,45.0,31.0
Harbour scene,6770,0,0,Signed,31.00 x 43.00,nogiven,Pastel / Paper,320,Galerie Fischer Auktionen AG,"11/17/1982
                ",sold,43.0,31.0
Le Bassin Aux Nymphéas ,320000,0,0,Signed and Dated,100.33 x 200.91,1919,Oil / Canvas,41,Sotheby's New York,"05/05/1971
                ",sold,200.91,100.33
